"Benchmark","Mode","Threads","Samples","Score","Score Error (99.9%)","Unit","Param: size"
"customdeque.ArrayDequePerformanceTest.add","avgt",1,3,32078.216594,4463.290116,"ns/op",10000
"customdeque.ArrayDequePerformanceTest.add","avgt",1,3,57037.719390,1709.810946,"ns/op",20000
"customdeque.ArrayDequePerformanceTest.add","avgt",1,3,87392.794613,35379.864740,"ns/op",30000
"customdeque.ArrayDequePerformanceTest.add","avgt",1,3,121316.474018,69472.954004,"ns/op",40000
"customdeque.ArrayDequePerformanceTest.add","avgt",1,3,173360.717834,322585.446922,"ns/op",50000
"customdeque.ArrayDequePerformanceTest.add","avgt",1,3,170791.615570,6722.853451,"ns/op",60000
"customdeque.ArrayDequePerformanceTest.add","avgt",1,3,192663.178540,30845.477988,"ns/op",70000
"customdeque.ArrayDequePerformanceTest.add","avgt",1,3,236192.393439,21515.831156,"ns/op",80000
"customdeque.ArrayDequePerformanceTest.add","avgt",1,3,259181.068192,82481.452151,"ns/op",90000
"customdeque.ArrayDequePerformanceTest.add","avgt",1,3,288888.349221,211041.005853,"ns/op",100000
"customdeque.ArrayDequePerformanceTest.addAll","avgt",1,3,16936.483683,4929.945394,"ns/op",10000
"customdeque.ArrayDequePerformanceTest.addAll","avgt",1,3,49508.544291,227716.624821,"ns/op",20000
"customdeque.ArrayDequePerformanceTest.addAll","avgt",1,3,51969.983070,36764.782083,"ns/op",30000
"customdeque.ArrayDequePerformanceTest.addAll","avgt",1,3,73055.716564,151784.467813,"ns/op",40000
"customdeque.ArrayDequePerformanceTest.addAll","avgt",1,3,90802.083432,92351.840374,"ns/op",50000
"customdeque.ArrayDequePerformanceTest.addAll","avgt",1,3,107431.196744,21745.332572,"ns/op",60000
"customdeque.ArrayDequePerformanceTest.addAll","avgt",1,3,131394.674300,121337.067235,"ns/op",70000
"customdeque.ArrayDequePerformanceTest.addAll","avgt",1,3,152402.875309,212606.361238,"ns/op",80000
"customdeque.ArrayDequePerformanceTest.addAll","avgt",1,3,177542.155488,352659.583449,"ns/op",90000
"customdeque.ArrayDequePerformanceTest.addAll","avgt",1,3,203137.441952,392718.594289,"ns/op",100000
"customdeque.ArrayDequePerformanceTest.addFirst","avgt",1,3,34811.498721,13626.737292,"ns/op",10000
"customdeque.ArrayDequePerformanceTest.addFirst","avgt",1,3,62492.876298,56771.902981,"ns/op",20000
"customdeque.ArrayDequePerformanceTest.addFirst","avgt",1,3,87815.721253,12947.161910,"ns/op",30000
"customdeque.ArrayDequePerformanceTest.addFirst","avgt",1,3,123454.879547,47043.712284,"ns/op",40000
"customdeque.ArrayDequePerformanceTest.addFirst","avgt",1,3,160451.383020,7982.812119,"ns/op",50000
"customdeque.ArrayDequePerformanceTest.addFirst","avgt",1,3,182970.610144,54192.435710,"ns/op",60000
"customdeque.ArrayDequePerformanceTest.addFirst","avgt",1,3,206665.034537,43809.384758,"ns/op",70000
"customdeque.ArrayDequePerformanceTest.addFirst","avgt",1,3,254401.082511,22921.840377,"ns/op",80000
"customdeque.ArrayDequePerformanceTest.addFirst","avgt",1,3,268369.469656,9257.801362,"ns/op",90000
"customdeque.ArrayDequePerformanceTest.addFirst","avgt",1,3,289072.692996,28767.619048,"ns/op",100000
"customdeque.ArrayDequePerformanceTest.addLast","avgt",1,3,32374.170179,14147.755704,"ns/op",10000
"customdeque.ArrayDequePerformanceTest.addLast","avgt",1,3,59279.869335,21800.324554,"ns/op",20000
"customdeque.ArrayDequePerformanceTest.addLast","avgt",1,3,87458.947090,27231.842168,"ns/op",30000
"customdeque.ArrayDequePerformanceTest.addLast","avgt",1,3,117798.962732,40569.483420,"ns/op",40000
"customdeque.ArrayDequePerformanceTest.addLast","avgt",1,3,155270.479963,48903.913671,"ns/op",50000
"customdeque.ArrayDequePerformanceTest.addLast","avgt",1,3,172897.919825,24809.028807,"ns/op",60000
"customdeque.ArrayDequePerformanceTest.addLast","avgt",1,3,194537.886846,73692.879470,"ns/op",70000
"customdeque.ArrayDequePerformanceTest.addLast","avgt",1,3,244129.756812,138702.858862,"ns/op",80000
"customdeque.ArrayDequePerformanceTest.addLast","avgt",1,3,257046.334692,85947.385638,"ns/op",90000
"customdeque.ArrayDequePerformanceTest.addLast","avgt",1,3,275241.035019,2576.675610,"ns/op",100000
"customdeque.ArrayDequePerformanceTest.clear","avgt",1,3,4543.373935,556.465498,"ns/op",10000
"customdeque.ArrayDequePerformanceTest.clear","avgt",1,3,9094.067079,337.396362,"ns/op",20000
"customdeque.ArrayDequePerformanceTest.clear","avgt",1,3,14347.150700,11679.100056,"ns/op",30000
"customdeque.ArrayDequePerformanceTest.clear","avgt",1,3,18187.051267,416.193329,"ns/op",40000
"customdeque.ArrayDequePerformanceTest.clear","avgt",1,3,23047.454703,8228.318669,"ns/op",50000
"customdeque.ArrayDequePerformanceTest.clear","avgt",1,3,27271.811610,5772.851056,"ns/op",60000
"customdeque.ArrayDequePerformanceTest.clear","avgt",1,3,32031.471173,2926.540768,"ns/op",70000
"customdeque.ArrayDequePerformanceTest.clear","avgt",1,3,36825.884852,8224.690896,"ns/op",80000
"customdeque.ArrayDequePerformanceTest.clear","avgt",1,3,41280.666991,1372.109664,"ns/op",90000
"customdeque.ArrayDequePerformanceTest.clear","avgt",1,3,47220.517222,7714.059295,"ns/op",100000
"customdeque.ArrayDequePerformanceTest.constructorCapacity","avgt",1,3,482.980495,767.181882,"ns/op",10000
"customdeque.ArrayDequePerformanceTest.constructorCapacity","avgt",1,3,768.673804,424.785014,"ns/op",20000
"customdeque.ArrayDequePerformanceTest.constructorCapacity","avgt",1,3,1097.971982,194.514648,"ns/op",30000
"customdeque.ArrayDequePerformanceTest.constructorCapacity","avgt",1,3,1483.239933,1858.381730,"ns/op",40000
"customdeque.ArrayDequePerformanceTest.constructorCapacity","avgt",1,3,1939.902259,3005.770063,"ns/op",50000
"customdeque.ArrayDequePerformanceTest.constructorCapacity","avgt",1,3,3650.538150,1944.861039,"ns/op",60000
"customdeque.ArrayDequePerformanceTest.constructorCapacity","avgt",1,3,2620.826526,3065.475249,"ns/op",70000
"customdeque.ArrayDequePerformanceTest.constructorCapacity","avgt",1,3,5049.694711,25612.858304,"ns/op",80000
"customdeque.ArrayDequePerformanceTest.constructorCapacity","avgt",1,3,3241.332421,337.261688,"ns/op",90000
"customdeque.ArrayDequePerformanceTest.constructorCapacity","avgt",1,3,3896.320424,5118.619113,"ns/op",100000
"customdeque.ArrayDequePerformanceTest.constructorCollection","avgt",1,3,20342.699842,61458.463641,"ns/op",10000
"customdeque.ArrayDequePerformanceTest.constructorCollection","avgt",1,3,33992.000029,8505.506967,"ns/op",20000
"customdeque.ArrayDequePerformanceTest.constructorCollection","avgt",1,3,52124.374957,19202.748164,"ns/op",30000
"customdeque.ArrayDequePerformanceTest.constructorCollection","avgt",1,3,71789.755767,38917.160987,"ns/op",40000
"customdeque.ArrayDequePerformanceTest.constructorCollection","avgt",1,3,85585.323606,5256.253316,"ns/op",50000
"customdeque.ArrayDequePerformanceTest.constructorCollection","avgt",1,3,107127.328890,23499.169116,"ns/op",60000
"customdeque.ArrayDequePerformanceTest.constructorCollection","avgt",1,3,125455.856346,38501.451421,"ns/op",70000
"customdeque.ArrayDequePerformanceTest.constructorCollection","avgt",1,3,152393.335560,171604.619041,"ns/op",80000
"customdeque.ArrayDequePerformanceTest.constructorCollection","avgt",1,3,201597.587479,618904.596612,"ns/op",90000
"customdeque.ArrayDequePerformanceTest.constructorCollection","avgt",1,3,202367.572086,402119.381920,"ns/op",100000
"customdeque.ArrayDequePerformanceTest.constructorDefault","avgt",1,3,24.218605,104.564220,"ns/op",10000
"customdeque.ArrayDequePerformanceTest.constructorDefault","avgt",1,3,56.321717,646.802238,"ns/op",20000
"customdeque.ArrayDequePerformanceTest.constructorDefault","avgt",1,3,39.079789,104.472188,"ns/op",30000
"customdeque.ArrayDequePerformanceTest.constructorDefault","avgt",1,3,44.243479,38.898749,"ns/op",40000
"customdeque.ArrayDequePerformanceTest.constructorDefault","avgt",1,3,59.466076,186.660406,"ns/op",50000
"customdeque.ArrayDequePerformanceTest.constructorDefault","avgt",1,3,51.711609,391.726847,"ns/op",60000
"customdeque.ArrayDequePerformanceTest.constructorDefault","avgt",1,3,57.120258,463.396992,"ns/op",70000
"customdeque.ArrayDequePerformanceTest.constructorDefault","avgt",1,3,55.729142,564.779845,"ns/op",80000
"customdeque.ArrayDequePerformanceTest.constructorDefault","avgt",1,3,47.781905,223.657752,"ns/op",90000
"customdeque.ArrayDequePerformanceTest.constructorDefault","avgt",1,3,58.872965,397.342033,"ns/op",100000
"customdeque.ArrayDequePerformanceTest.contains","avgt",1,3,3084.305054,442.412354,"ns/op",10000
"customdeque.ArrayDequePerformanceTest.contains","avgt",1,3,5782.836506,832.771802,"ns/op",20000
"customdeque.ArrayDequePerformanceTest.contains","avgt",1,3,8195.065538,204.251067,"ns/op",30000
"customdeque.ArrayDequePerformanceTest.contains","avgt",1,3,11048.749447,11229.406179,"ns/op",40000
"customdeque.ArrayDequePerformanceTest.contains","avgt",1,3,14118.291320,21190.596064,"ns/op",50000
"customdeque.ArrayDequePerformanceTest.contains","avgt",1,3,15579.736622,4845.880357,"ns/op",60000
"customdeque.ArrayDequePerformanceTest.contains","avgt",1,3,20050.042921,35355.010796,"ns/op",70000
"customdeque.ArrayDequePerformanceTest.contains","avgt",1,3,23107.206580,48020.020841,"ns/op",80000
"customdeque.ArrayDequePerformanceTest.contains","avgt",1,3,23359.160218,8615.730891,"ns/op",90000
"customdeque.ArrayDequePerformanceTest.contains","avgt",1,3,30169.083953,65263.350982,"ns/op",100000
"customdeque.ArrayDequePerformanceTest.containsAll","avgt",1,3,25450252.758333,2774371.403713,"ns/op",10000
"customdeque.ArrayDequePerformanceTest.containsAll","avgt",1,3,100769452.821212,29280523.490517,"ns/op",20000
"customdeque.ArrayDequePerformanceTest.containsAll","avgt",1,3,230453813.933333,30401084.615625,"ns/op",30000
"customdeque.ArrayDequePerformanceTest.containsAll","avgt",1,3,398336532.222222,35796671.210626,"ns/op",40000
"customdeque.ArrayDequePerformanceTest.containsAll","avgt",1,3,623302277.500000,265015749.115414,"ns/op",50000
"customdeque.ArrayDequePerformanceTest.containsAll","avgt",1,3,892506291.666667,396527550.531497,"ns/op",60000
"customdeque.ArrayDequePerformanceTest.containsAll","avgt",1,3,1181890750.000000,1276122401.645161,"ns/op",70000
"customdeque.ArrayDequePerformanceTest.containsAll","avgt",1,3,2092829069.666667,10198726974.132200,"ns/op",80000
"customdeque.ArrayDequePerformanceTest.containsAll","avgt",1,3,1972678166.666667,235178970.963747,"ns/op",90000
"customdeque.ArrayDequePerformanceTest.containsAll","avgt",1,3,2493529028.000000,487831649.881526,"ns/op",100000
"customdeque.ArrayDequePerformanceTest.descendingIteratorConsumption","avgt",1,3,7628.347187,753.542971,"ns/op",10000
"customdeque.ArrayDequePerformanceTest.descendingIteratorConsumption","avgt",1,3,14961.281493,2622.756811,"ns/op",20000
"customdeque.ArrayDequePerformanceTest.descendingIteratorConsumption","avgt",1,3,22591.924368,3625.876097,"ns/op",30000
"customdeque.ArrayDequePerformanceTest.descendingIteratorConsumption","avgt",1,3,30588.648719,13748.030704,"ns/op",40000
"customdeque.ArrayDequePerformanceTest.descendingIteratorConsumption","avgt",1,3,38570.608320,14135.010160,"ns/op",50000
"customdeque.ArrayDequePerformanceTest.descendingIteratorConsumption","avgt",1,3,45415.855743,3762.061225,"ns/op",60000
"customdeque.ArrayDequePerformanceTest.descendingIteratorConsumption","avgt",1,3,52953.405000,1808.959281,"ns/op",70000
"customdeque.ArrayDequePerformanceTest.descendingIteratorConsumption","avgt",1,3,59643.085993,3463.450374,"ns/op",80000
"customdeque.ArrayDequePerformanceTest.descendingIteratorConsumption","avgt",1,3,67769.413038,8330.730718,"ns/op",90000
"customdeque.ArrayDequePerformanceTest.descendingIteratorConsumption","avgt",1,3,75643.786528,14958.614127,"ns/op",100000
"customdeque.ArrayDequePerformanceTest.element","avgt",1,3,26.295919,96.734851,"ns/op",10000
"customdeque.ArrayDequePerformanceTest.element","avgt",1,3,34.795175,76.807619,"ns/op",20000
"customdeque.ArrayDequePerformanceTest.element","avgt",1,3,39.174662,47.419686,"ns/op",30000
"customdeque.ArrayDequePerformanceTest.element","avgt",1,3,42.082398,105.782103,"ns/op",40000
"customdeque.ArrayDequePerformanceTest.element","avgt",1,3,43.920243,43.694376,"ns/op",50000
"customdeque.ArrayDequePerformanceTest.element","avgt",1,3,61.613493,55.228004,"ns/op",60000
"customdeque.ArrayDequePerformanceTest.element","avgt",1,3,41.669361,58.731618,"ns/op",70000
"customdeque.ArrayDequePerformanceTest.element","avgt",1,3,53.371963,172.363534,"ns/op",80000
"customdeque.ArrayDequePerformanceTest.element","avgt",1,3,107.701495,346.767006,"ns/op",90000
"customdeque.ArrayDequePerformanceTest.element","avgt",1,3,73.828913,575.979397,"ns/op",100000
"customdeque.ArrayDequePerformanceTest.equalsBenchmark","avgt",1,3,19586.337734,53259.351670,"ns/op",10000
"customdeque.ArrayDequePerformanceTest.equalsBenchmark","avgt",1,3,34152.807834,8831.600264,"ns/op",20000
"customdeque.ArrayDequePerformanceTest.equalsBenchmark","avgt",1,3,53333.486360,43471.420319,"ns/op",30000
"customdeque.ArrayDequePerformanceTest.equalsBenchmark","avgt",1,3,69573.480425,4792.252892,"ns/op",40000
"customdeque.ArrayDequePerformanceTest.equalsBenchmark","avgt",1,3,89081.991364,20461.195852,"ns/op",50000
"customdeque.ArrayDequePerformanceTest.equalsBenchmark","avgt",1,3,110200.227140,32877.413915,"ns/op",60000
"customdeque.ArrayDequePerformanceTest.equalsBenchmark","avgt",1,3,125059.945020,40811.849176,"ns/op",70000
"customdeque.ArrayDequePerformanceTest.equalsBenchmark","avgt",1,3,154685.889759,236347.790415,"ns/op",80000
"customdeque.ArrayDequePerformanceTest.equalsBenchmark","avgt",1,3,181142.402825,420430.056135,"ns/op",90000
"customdeque.ArrayDequePerformanceTest.equalsBenchmark","avgt",1,3,204735.973681,363257.858094,"ns/op",100000
"customdeque.ArrayDequePerformanceTest.getFirst","avgt",1,3,25.998215,81.514331,"ns/op",10000
"customdeque.ArrayDequePerformanceTest.getFirst","avgt",1,3,36.902303,15.881851,"ns/op",20000
"customdeque.ArrayDequePerformanceTest.getFirst","avgt",1,3,39.382461,10.933486,"ns/op",30000
"customdeque.ArrayDequePerformanceTest.getFirst","avgt",1,3,39.708694,45.861575,"ns/op",40000
"customdeque.ArrayDequePerformanceTest.getFirst","avgt",1,3,44.815973,92.408018,"ns/op",50000
"customdeque.ArrayDequePerformanceTest.getFirst","avgt",1,3,60.951572,127.236208,"ns/op",60000
"customdeque.ArrayDequePerformanceTest.getFirst","avgt",1,3,47.246063,126.983572,"ns/op",70000
"customdeque.ArrayDequePerformanceTest.getFirst","avgt",1,3,46.034615,137.059691,"ns/op",80000
"customdeque.ArrayDequePerformanceTest.getFirst","avgt",1,3,62.121530,126.359445,"ns/op",90000
"customdeque.ArrayDequePerformanceTest.getFirst","avgt",1,3,77.450492,170.943872,"ns/op",100000
"customdeque.ArrayDequePerformanceTest.getLast","avgt",1,3,23.789581,146.323797,"ns/op",10000
"customdeque.ArrayDequePerformanceTest.getLast","avgt",1,3,41.455213,69.809037,"ns/op",20000
"customdeque.ArrayDequePerformanceTest.getLast","avgt",1,3,45.798420,97.479406,"ns/op",30000
"customdeque.ArrayDequePerformanceTest.getLast","avgt",1,3,37.561182,16.967429,"ns/op",40000
"customdeque.ArrayDequePerformanceTest.getLast","avgt",1,3,33.920758,36.783531,"ns/op",50000
"customdeque.ArrayDequePerformanceTest.getLast","avgt",1,3,35.114581,76.881786,"ns/op",60000
"customdeque.ArrayDequePerformanceTest.getLast","avgt",1,3,39.907642,38.780458,"ns/op",70000
"customdeque.ArrayDequePerformanceTest.getLast","avgt",1,3,73.904726,390.664148,"ns/op",80000
"customdeque.ArrayDequePerformanceTest.getLast","avgt",1,3,81.136068,270.529615,"ns/op",90000
"customdeque.ArrayDequePerformanceTest.getLast","avgt",1,3,82.220474,691.960387,"ns/op",100000
"customdeque.ArrayDequePerformanceTest.isEmpty","avgt",1,3,27.157594,226.133260,"ns/op",10000
"customdeque.ArrayDequePerformanceTest.isEmpty","avgt",1,3,46.770864,75.508827,"ns/op",20000
"customdeque.ArrayDequePerformanceTest.isEmpty","avgt",1,3,36.026720,41.022832,"ns/op",30000
"customdeque.ArrayDequePerformanceTest.isEmpty","avgt",1,3,45.616308,106.591748,"ns/op",40000
"customdeque.ArrayDequePerformanceTest.isEmpty","avgt",1,3,41.372093,132.888236,"ns/op",50000
"customdeque.ArrayDequePerformanceTest.isEmpty","avgt",1,3,90.373359,884.684353,"ns/op",60000
"customdeque.ArrayDequePerformanceTest.isEmpty","avgt",1,3,44.182439,51.572767,"ns/op",70000
"customdeque.ArrayDequePerformanceTest.isEmpty","avgt",1,3,53.191455,130.228178,"ns/op",80000
"customdeque.ArrayDequePerformanceTest.isEmpty","avgt",1,3,76.349183,274.383824,"ns/op",90000
"customdeque.ArrayDequePerformanceTest.isEmpty","avgt",1,3,58.682157,334.685289,"ns/op",100000
"customdeque.ArrayDequePerformanceTest.iteratorConsumption","avgt",1,3,7222.063102,1295.741265,"ns/op",10000
"customdeque.ArrayDequePerformanceTest.iteratorConsumption","avgt",1,3,14730.193925,551.286266,"ns/op",20000
"customdeque.ArrayDequePerformanceTest.iteratorConsumption","avgt",1,3,21864.813922,256.400463,"ns/op",30000
"customdeque.ArrayDequePerformanceTest.iteratorConsumption","avgt",1,3,29321.025229,579.646797,"ns/op",40000
"customdeque.ArrayDequePerformanceTest.iteratorConsumption","avgt",1,3,36695.819463,1404.470985,"ns/op",50000
"customdeque.ArrayDequePerformanceTest.iteratorConsumption","avgt",1,3,44058.708628,1655.028379,"ns/op",60000
"customdeque.ArrayDequePerformanceTest.iteratorConsumption","avgt",1,3,50870.692762,532.460861,"ns/op",70000
"customdeque.ArrayDequePerformanceTest.iteratorConsumption","avgt",1,3,59277.309984,4039.735234,"ns/op",80000
"customdeque.ArrayDequePerformanceTest.iteratorConsumption","avgt",1,3,66223.551188,6904.888604,"ns/op",90000
"customdeque.ArrayDequePerformanceTest.iteratorConsumption","avgt",1,3,74166.173303,14783.171479,"ns/op",100000
"customdeque.ArrayDequePerformanceTest.offer","avgt",1,3,31566.852762,1817.795005,"ns/op",10000
"customdeque.ArrayDequePerformanceTest.offer","avgt",1,3,57415.584024,8761.287072,"ns/op",20000
"customdeque.ArrayDequePerformanceTest.offer","avgt",1,3,85613.438745,15567.482849,"ns/op",30000
"customdeque.ArrayDequePerformanceTest.offer","avgt",1,3,191290.122990,722128.555927,"ns/op",40000
"customdeque.ArrayDequePerformanceTest.offer","avgt",1,3,158991.054767,169466.258867,"ns/op",50000
"customdeque.ArrayDequePerformanceTest.offer","avgt",1,3,178064.594932,36034.494664,"ns/op",60000
"customdeque.ArrayDequePerformanceTest.offer","avgt",1,3,205358.153487,107859.459781,"ns/op",70000
"customdeque.ArrayDequePerformanceTest.offer","avgt",1,3,259876.314028,546992.279281,"ns/op",80000
"customdeque.ArrayDequePerformanceTest.offer","avgt",1,3,271562.577117,105441.096223,"ns/op",90000
"customdeque.ArrayDequePerformanceTest.offer","avgt",1,3,288210.410522,86709.522524,"ns/op",100000
"customdeque.ArrayDequePerformanceTest.offerFirst","avgt",1,3,36688.944663,59650.394834,"ns/op",10000
"customdeque.ArrayDequePerformanceTest.offerFirst","avgt",1,3,71906.760049,23407.502766,"ns/op",20000
"customdeque.ArrayDequePerformanceTest.offerFirst","avgt",1,3,118226.547868,61302.447421,"ns/op",30000
"customdeque.ArrayDequePerformanceTest.offerFirst","avgt",1,3,164392.967029,16834.544615,"ns/op",40000
"customdeque.ArrayDequePerformanceTest.offerFirst","avgt",1,3,225590.611057,309349.450306,"ns/op",50000
"customdeque.ArrayDequePerformanceTest.offerFirst","avgt",1,3,244458.153132,27727.108103,"ns/op",60000
"customdeque.ArrayDequePerformanceTest.offerFirst","avgt",1,3,267803.776172,90516.653939,"ns/op",70000
"customdeque.ArrayDequePerformanceTest.offerFirst","avgt",1,3,311085.883674,107346.167654,"ns/op",80000
"customdeque.ArrayDequePerformanceTest.offerFirst","avgt",1,3,366874.518145,281077.347258,"ns/op",90000
"customdeque.ArrayDequePerformanceTest.offerFirst","avgt",1,3,334270.960020,28103.136602,"ns/op",100000
"customdeque.ArrayDequePerformanceTest.offerLast","avgt",1,3,35730.504343,19208.788524,"ns/op",10000
"customdeque.ArrayDequePerformanceTest.offerLast","avgt",1,3,63955.073884,7078.032245,"ns/op",20000
"customdeque.ArrayDequePerformanceTest.offerLast","avgt",1,3,93755.084083,25097.141527,"ns/op",30000
"customdeque.ArrayDequePerformanceTest.offerLast","avgt",1,3,133579.652077,135543.200536,"ns/op",40000
"customdeque.ArrayDequePerformanceTest.offerLast","avgt",1,3,167938.824464,222589.664579,"ns/op",50000
"customdeque.ArrayDequePerformanceTest.offerLast","avgt",1,3,182375.916930,30280.201528,"ns/op",60000
"customdeque.ArrayDequePerformanceTest.offerLast","avgt",1,3,261864.792397,1490713.527342,"ns/op",70000
"customdeque.ArrayDequePerformanceTest.offerLast","avgt",1,3,252194.679321,63502.596452,"ns/op",80000
"customdeque.ArrayDequePerformanceTest.offerLast","avgt",1,3,276555.320072,62188.433320,"ns/op",90000
"customdeque.ArrayDequePerformanceTest.offerLast","avgt",1,3,291369.932881,33827.174070,"ns/op",100000
"customdeque.ArrayDequePerformanceTest.peek","avgt",1,3,36.932692,292.137494,"ns/op",10000
"customdeque.ArrayDequePerformanceTest.peek","avgt",1,3,39.997528,15.923615,"ns/op",20000
"customdeque.ArrayDequePerformanceTest.peek","avgt",1,3,44.327050,92.618622,"ns/op",30000
"customdeque.ArrayDequePerformanceTest.peek","avgt",1,3,47.553539,59.508560,"ns/op",40000
"customdeque.ArrayDequePerformanceTest.peek","avgt",1,3,43.792687,61.009569,"ns/op",50000
"customdeque.ArrayDequePerformanceTest.peek","avgt",1,3,56.255133,344.474470,"ns/op",60000
"customdeque.ArrayDequePerformanceTest.peek","avgt",1,3,55.910248,347.179101,"ns/op",70000
"customdeque.ArrayDequePerformanceTest.peek","avgt",1,3,41.131000,122.234922,"ns/op",80000
"customdeque.ArrayDequePerformanceTest.peek","avgt",1,3,64.167139,287.175311,"ns/op",90000
"customdeque.ArrayDequePerformanceTest.peek","avgt",1,3,47.757967,354.285940,"ns/op",100000
"customdeque.ArrayDequePerformanceTest.peekFirst","avgt",1,3,27.445095,110.117638,"ns/op",10000
"customdeque.ArrayDequePerformanceTest.peekFirst","avgt",1,3,40.184502,51.471782,"ns/op",20000
"customdeque.ArrayDequePerformanceTest.peekFirst","avgt",1,3,47.072693,97.607906,"ns/op",30000
"customdeque.ArrayDequePerformanceTest.peekFirst","avgt",1,3,44.663133,41.636600,"ns/op",40000
"customdeque.ArrayDequePerformanceTest.peekFirst","avgt",1,3,37.636434,18.402090,"ns/op",50000
"customdeque.ArrayDequePerformanceTest.peekFirst","avgt",1,3,41.520646,23.159745,"ns/op",60000
"customdeque.ArrayDequePerformanceTest.peekFirst","avgt",1,3,41.867054,88.955428,"ns/op",70000
"customdeque.ArrayDequePerformanceTest.peekFirst","avgt",1,3,50.332137,290.840965,"ns/op",80000
"customdeque.ArrayDequePerformanceTest.peekFirst","avgt",1,3,55.993834,129.241599,"ns/op",90000
"customdeque.ArrayDequePerformanceTest.peekFirst","avgt",1,3,56.742863,385.940059,"ns/op",100000
"customdeque.ArrayDequePerformanceTest.peekLast","avgt",1,3,24.884110,106.076627,"ns/op",10000
"customdeque.ArrayDequePerformanceTest.peekLast","avgt",1,3,39.329641,13.137926,"ns/op",20000
"customdeque.ArrayDequePerformanceTest.peekLast","avgt",1,3,36.000502,30.656019,"ns/op",30000
"customdeque.ArrayDequePerformanceTest.peekLast","avgt",1,3,46.981519,295.331166,"ns/op",40000
"customdeque.ArrayDequePerformanceTest.peekLast","avgt",1,3,54.612398,247.844312,"ns/op",50000
"customdeque.ArrayDequePerformanceTest.peekLast","avgt",1,3,72.274872,661.748401,"ns/op",60000
"customdeque.ArrayDequePerformanceTest.peekLast","avgt",1,3,54.642331,387.645999,"ns/op",70000
"customdeque.ArrayDequePerformanceTest.peekLast","avgt",1,3,81.202793,412.037979,"ns/op",80000
"customdeque.ArrayDequePerformanceTest.peekLast","avgt",1,3,72.731922,333.871815,"ns/op",90000
"customdeque.ArrayDequePerformanceTest.peekLast","avgt",1,3,67.763060,398.872450,"ns/op",100000
"customdeque.ArrayDequePerformanceTest.poll","avgt",1,3,20245.724821,63560.986740,"ns/op",10000
"customdeque.ArrayDequePerformanceTest.poll","avgt",1,3,38577.413939,62435.612516,"ns/op",20000
"customdeque.ArrayDequePerformanceTest.poll","avgt",1,3,54645.412039,1298.334314,"ns/op",30000
"customdeque.ArrayDequePerformanceTest.poll","avgt",1,3,74376.145920,3116.933552,"ns/op",40000
"customdeque.ArrayDequePerformanceTest.poll","avgt",1,3,94968.039366,31636.431886,"ns/op",50000
"customdeque.ArrayDequePerformanceTest.poll","avgt",1,3,115091.155409,59224.562078,"ns/op",60000
"customdeque.ArrayDequePerformanceTest.poll","avgt",1,3,133420.529705,25963.158212,"ns/op",70000
"customdeque.ArrayDequePerformanceTest.poll","avgt",1,3,166703.114812,137586.086271,"ns/op",80000
"customdeque.ArrayDequePerformanceTest.poll","avgt",1,3,185918.161365,444729.869230,"ns/op",90000
"customdeque.ArrayDequePerformanceTest.poll","avgt",1,3,216056.958385,382648.161198,"ns/op",100000
"customdeque.ArrayDequePerformanceTest.pollFirst","avgt",1,3,19634.475758,51448.242295,"ns/op",10000
"customdeque.ArrayDequePerformanceTest.pollFirst","avgt",1,3,35682.428710,4045.454574,"ns/op",20000
"customdeque.ArrayDequePerformanceTest.pollFirst","avgt",1,3,54123.486962,7956.007842,"ns/op",30000
"customdeque.ArrayDequePerformanceTest.pollFirst","avgt",1,3,70908.286930,9593.136614,"ns/op",40000
"customdeque.ArrayDequePerformanceTest.pollFirst","avgt",1,3,91231.463519,11043.821421,"ns/op",50000
"customdeque.ArrayDequePerformanceTest.pollFirst","avgt",1,3,107509.453609,20250.194968,"ns/op",60000
"customdeque.ArrayDequePerformanceTest.pollFirst","avgt",1,3,130556.352094,17269.394068,"ns/op",70000
"customdeque.ArrayDequePerformanceTest.pollFirst","avgt",1,3,156603.163778,226126.346650,"ns/op",80000
"customdeque.ArrayDequePerformanceTest.pollFirst","avgt",1,3,176503.039214,319189.797060,"ns/op",90000
"customdeque.ArrayDequePerformanceTest.pollFirst","avgt",1,3,201472.560156,369379.374365,"ns/op",100000
"customdeque.ArrayDequePerformanceTest.pollLast","avgt",1,3,23156.724318,3331.877026,"ns/op",10000
"customdeque.ArrayDequePerformanceTest.pollLast","avgt",1,3,47263.084139,38539.472283,"ns/op",20000
"customdeque.ArrayDequePerformanceTest.pollLast","avgt",1,3,72990.452520,90358.066145,"ns/op",30000
"customdeque.ArrayDequePerformanceTest.pollLast","avgt",1,3,94313.599538,15578.961100,"ns/op",40000
"customdeque.ArrayDequePerformanceTest.pollLast","avgt",1,3,120890.740617,35773.356655,"ns/op",50000
"customdeque.ArrayDequePerformanceTest.pollLast","avgt",1,3,145424.371315,15323.488496,"ns/op",60000
"customdeque.ArrayDequePerformanceTest.pollLast","avgt",1,3,169413.355135,31952.433423,"ns/op",70000
"customdeque.ArrayDequePerformanceTest.pollLast","avgt",1,3,193212.564329,12354.068085,"ns/op",80000
"customdeque.ArrayDequePerformanceTest.pollLast","avgt",1,3,218083.531048,29884.544808,"ns/op",90000
"customdeque.ArrayDequePerformanceTest.pollLast","avgt",1,3,240457.937481,12599.551139,"ns/op",100000
"customdeque.ArrayDequePerformanceTest.pop","avgt",1,3,19953.395482,59260.882767,"ns/op",10000
"customdeque.ArrayDequePerformanceTest.pop","avgt",1,3,36202.148927,13324.188109,"ns/op",20000
"customdeque.ArrayDequePerformanceTest.pop","avgt",1,3,54613.451404,28804.577967,"ns/op",30000
"customdeque.ArrayDequePerformanceTest.pop","avgt",1,3,73708.212950,26996.969995,"ns/op",40000
"customdeque.ArrayDequePerformanceTest.pop","avgt",1,3,89937.095902,46963.096191,"ns/op",50000
"customdeque.ArrayDequePerformanceTest.pop","avgt",1,3,110564.317421,9631.790866,"ns/op",60000
"customdeque.ArrayDequePerformanceTest.pop","avgt",1,3,126748.141718,19338.769477,"ns/op",70000
"customdeque.ArrayDequePerformanceTest.pop","avgt",1,3,156509.622219,194230.762791,"ns/op",80000
"customdeque.ArrayDequePerformanceTest.pop","avgt",1,3,180283.729952,361115.884342,"ns/op",90000
"customdeque.ArrayDequePerformanceTest.pop","avgt",1,3,210828.979617,438918.151238,"ns/op",100000
"customdeque.ArrayDequePerformanceTest.push","avgt",1,3,35845.826934,6664.608988,"ns/op",10000
"customdeque.ArrayDequePerformanceTest.push","avgt",1,3,63288.221705,6555.703272,"ns/op",20000
"customdeque.ArrayDequePerformanceTest.push","avgt",1,3,93364.620734,18458.143285,"ns/op",30000
"customdeque.ArrayDequePerformanceTest.push","avgt",1,3,128457.430258,11371.897881,"ns/op",40000
"customdeque.ArrayDequePerformanceTest.push","avgt",1,3,178549.788362,128475.735950,"ns/op",50000
"customdeque.ArrayDequePerformanceTest.push","avgt",1,3,198415.101568,132436.690348,"ns/op",60000
"customdeque.ArrayDequePerformanceTest.push","avgt",1,3,214724.255770,6804.892038,"ns/op",70000
"customdeque.ArrayDequePerformanceTest.push","avgt",1,3,268737.126649,50697.970843,"ns/op",80000
"customdeque.ArrayDequePerformanceTest.push","avgt",1,3,292448.516298,16153.382245,"ns/op",90000
"customdeque.ArrayDequePerformanceTest.push","avgt",1,3,309339.059914,28892.302400,"ns/op",100000
"customdeque.ArrayDequePerformanceTest.remove","avgt",1,3,20022.079966,58713.664188,"ns/op",10000
"customdeque.ArrayDequePerformanceTest.remove","avgt",1,3,36556.531324,4803.916901,"ns/op",20000
"customdeque.ArrayDequePerformanceTest.remove","avgt",1,3,55792.083666,12498.352677,"ns/op",30000
"customdeque.ArrayDequePerformanceTest.remove","avgt",1,3,73235.260549,19994.397097,"ns/op",40000
"customdeque.ArrayDequePerformanceTest.remove","avgt",1,3,91301.293580,4575.869263,"ns/op",50000
"customdeque.ArrayDequePerformanceTest.remove","avgt",1,3,107684.146105,29020.489167,"ns/op",60000
"customdeque.ArrayDequePerformanceTest.remove","avgt",1,3,127128.019548,17236.477006,"ns/op",70000
"customdeque.ArrayDequePerformanceTest.remove","avgt",1,3,159172.547369,167158.792434,"ns/op",80000
"customdeque.ArrayDequePerformanceTest.remove","avgt",1,3,182314.164006,343004.560002,"ns/op",90000
"customdeque.ArrayDequePerformanceTest.remove","avgt",1,3,215518.487076,408349.542841,"ns/op",100000
"customdeque.ArrayDequePerformanceTest.removeAll","avgt",1,3,26379072.745614,905144.478791,"ns/op",10000
"customdeque.ArrayDequePerformanceTest.removeAll","avgt",1,3,102754449.966667,13291278.429822,"ns/op",20000
"customdeque.ArrayDequePerformanceTest.removeAll","avgt",1,3,228032166.533333,31354330.306082,"ns/op",30000
"customdeque.ArrayDequePerformanceTest.removeAll","avgt",1,3,402187476.888889,25445467.840274,"ns/op",40000
"customdeque.ArrayDequePerformanceTest.removeAll","avgt",1,3,629721930.666667,105299517.422939,"ns/op",50000
"customdeque.ArrayDequePerformanceTest.removeAll","avgt",1,3,897796326.500000,68370882.255385,"ns/op",60000
"customdeque.ArrayDequePerformanceTest.removeAll","avgt",1,3,1208846569.333333,70423934.173964,"ns/op",70000
"customdeque.ArrayDequePerformanceTest.removeAll","avgt",1,3,1588781291.333333,255632234.213196,"ns/op",80000
"customdeque.ArrayDequePerformanceTest.removeAll","avgt",1,3,2000587069.333333,131068589.646906,"ns/op",90000
"customdeque.ArrayDequePerformanceTest.removeAll","avgt",1,3,2476010125.000000,74809649.311301,"ns/op",100000
"customdeque.ArrayDequePerformanceTest.removeFirst","avgt",1,3,20057.656666,66650.521960,"ns/op",10000
"customdeque.ArrayDequePerformanceTest.removeFirst","avgt",1,3,37998.085696,57431.720056,"ns/op",20000
"customdeque.ArrayDequePerformanceTest.removeFirst","avgt",1,3,54044.496850,71811.918752,"ns/op",30000
"customdeque.ArrayDequePerformanceTest.removeFirst","avgt",1,3,71724.870422,78347.069849,"ns/op",40000
"customdeque.ArrayDequePerformanceTest.removeFirst","avgt",1,3,87474.489829,4497.343382,"ns/op",50000
"customdeque.ArrayDequePerformanceTest.removeFirst","avgt",1,3,106429.681280,4282.661781,"ns/op",60000
"customdeque.ArrayDequePerformanceTest.removeFirst","avgt",1,3,200697.197982,276102.332936,"ns/op",70000
"customdeque.ArrayDequePerformanceTest.removeFirst","avgt",1,3,453947.010387,460312.312830,"ns/op",80000
"customdeque.ArrayDequePerformanceTest.removeFirst","avgt",1,3,467939.948101,596174.324465,"ns/op",90000
"customdeque.ArrayDequePerformanceTest.removeFirst","avgt",1,3,468894.820200,176515.836634,"ns/op",100000
"customdeque.ArrayDequePerformanceTest.removeFirstOccurrence","avgt",1,3,54863.086595,15235.906036,"ns/op",10000
"customdeque.ArrayDequePerformanceTest.removeFirstOccurrence","avgt",1,3,112771.757091,50540.820126,"ns/op",20000
"customdeque.ArrayDequePerformanceTest.removeFirstOccurrence","avgt",1,3,171431.523562,368703.174313,"ns/op",30000
"customdeque.ArrayDequePerformanceTest.removeFirstOccurrence","avgt",1,3,270680.676296,228770.132142,"ns/op",40000
"customdeque.ArrayDequePerformanceTest.removeFirstOccurrence","avgt",1,3,303531.559269,394613.898878,"ns/op",50000
"customdeque.ArrayDequePerformanceTest.removeFirstOccurrence","avgt",1,3,357215.671726,94766.935814,"ns/op",60000
"customdeque.ArrayDequePerformanceTest.removeFirstOccurrence","avgt",1,3,413607.565990,67865.004170,"ns/op",70000
"customdeque.ArrayDequePerformanceTest.removeFirstOccurrence","avgt",1,3,485720.143073,338583.832317,"ns/op",80000
"customdeque.ArrayDequePerformanceTest.removeFirstOccurrence","avgt",1,3,538475.374665,158145.102331,"ns/op",90000
"customdeque.ArrayDequePerformanceTest.removeFirstOccurrence","avgt",1,3,609549.280013,207314.585370,"ns/op",100000
"customdeque.ArrayDequePerformanceTest.removeLast","avgt",1,3,41247.086070,26632.981292,"ns/op",10000
"customdeque.ArrayDequePerformanceTest.removeLast","avgt",1,3,121043.355443,181816.335142,"ns/op",20000
"customdeque.ArrayDequePerformanceTest.removeLast","avgt",1,3,176571.560572,34985.238933,"ns/op",30000
"customdeque.ArrayDequePerformanceTest.removeLast","avgt",1,3,247857.063280,99692.811776,"ns/op",40000
"customdeque.ArrayDequePerformanceTest.removeLast","avgt",1,3,298399.889331,38522.702670,"ns/op",50000
"customdeque.ArrayDequePerformanceTest.removeLast","avgt",1,3,386747.368760,2604059.032025,"ns/op",60000
"customdeque.ArrayDequePerformanceTest.removeLast","avgt",1,3,391834.622689,831825.088169,"ns/op",70000
"customdeque.ArrayDequePerformanceTest.removeLast","avgt",1,3,426668.426934,56102.390382,"ns/op",80000
"customdeque.ArrayDequePerformanceTest.removeLast","avgt",1,3,555250.018003,704710.485953,"ns/op",90000
"customdeque.ArrayDequePerformanceTest.removeLast","avgt",1,3,538053.521075,59913.937603,"ns/op",100000
"customdeque.ArrayDequePerformanceTest.removeLastOccurrence","avgt",1,3,46602.796874,1818.134248,"ns/op",10000
"customdeque.ArrayDequePerformanceTest.removeLastOccurrence","avgt",1,3,85386.130640,12419.965605,"ns/op",20000
"customdeque.ArrayDequePerformanceTest.removeLastOccurrence","avgt",1,3,124628.008043,40122.192045,"ns/op",30000
"customdeque.ArrayDequePerformanceTest.removeLastOccurrence","avgt",1,3,167012.477655,211267.974567,"ns/op",40000
"customdeque.ArrayDequePerformanceTest.removeLastOccurrence","avgt",1,3,187167.568890,397562.471345,"ns/op",50000
"customdeque.ArrayDequePerformanceTest.removeLastOccurrence","avgt",1,3,243765.278231,419785.072669,"ns/op",60000
"customdeque.ArrayDequePerformanceTest.removeLastOccurrence","avgt",1,3,284853.872273,525338.891108,"ns/op",70000
"customdeque.ArrayDequePerformanceTest.removeLastOccurrence","avgt",1,3,352929.925469,40049.239264,"ns/op",80000
"customdeque.ArrayDequePerformanceTest.removeLastOccurrence","avgt",1,3,393486.053308,144231.858059,"ns/op",90000
"customdeque.ArrayDequePerformanceTest.removeLastOccurrence","avgt",1,3,435119.183659,84409.977144,"ns/op",100000
"customdeque.ArrayDequePerformanceTest.removeObject","avgt",1,3,35804.988683,20331.368941,"ns/op",10000
"customdeque.ArrayDequePerformanceTest.removeObject","avgt",1,3,68433.719113,1081.066079,"ns/op",20000
"customdeque.ArrayDequePerformanceTest.removeObject","avgt",1,3,104906.182480,4075.571178,"ns/op",30000
"customdeque.ArrayDequePerformanceTest.removeObject","avgt",1,3,146536.093864,212341.076470,"ns/op",40000
"customdeque.ArrayDequePerformanceTest.removeObject","avgt",1,3,188609.740990,292293.219688,"ns/op",50000
"customdeque.ArrayDequePerformanceTest.removeObject","avgt",1,3,439596.293855,1004854.944088,"ns/op",60000
"customdeque.ArrayDequePerformanceTest.removeObject","avgt",1,3,478851.888298,677342.655622,"ns/op",70000
"customdeque.ArrayDequePerformanceTest.removeObject","avgt",1,3,528248.377429,199268.458497,"ns/op",80000
"customdeque.ArrayDequePerformanceTest.removeObject","avgt",1,3,598617.730446,1891456.847270,"ns/op",90000
"customdeque.ArrayDequePerformanceTest.removeObject","avgt",1,3,518876.669558,344366.885782,"ns/op",100000
"customdeque.ArrayDequePerformanceTest.retainAll","avgt",1,3,53979565.420370,65837615.507906,"ns/op",10000
"customdeque.ArrayDequePerformanceTest.retainAll","avgt",1,3,206049490.344444,60596341.307099,"ns/op",20000
"customdeque.ArrayDequePerformanceTest.retainAll","avgt",1,3,439153175.777778,553606824.993023,"ns/op",30000
"customdeque.ArrayDequePerformanceTest.retainAll","avgt",1,3,786455048.666667,1072718280.746292,"ns/op",40000
"customdeque.ArrayDequePerformanceTest.retainAll","avgt",1,3,1092065763.666667,992640478.711025,"ns/op",50000
"customdeque.ArrayDequePerformanceTest.retainAll","avgt",1,3,1588699458.333333,482643899.216393,"ns/op",60000
"customdeque.ArrayDequePerformanceTest.retainAll","avgt",1,3,2002656236.000000,860014867.638520,"ns/op",70000
"customdeque.ArrayDequePerformanceTest.retainAll","avgt",1,3,2950166819.000000,9858833932.551447,"ns/op",80000
"customdeque.ArrayDequePerformanceTest.retainAll","avgt",1,3,2961584611.000000,1712233679.880025,"ns/op",90000
"customdeque.ArrayDequePerformanceTest.retainAll","avgt",1,3,3664191791.666667,727403867.342355,"ns/op",100000
"customdeque.ArrayDequePerformanceTest.size","avgt",1,3,43.537235,169.701512,"ns/op",10000
"customdeque.ArrayDequePerformanceTest.size","avgt",1,3,74.782677,539.779877,"ns/op",20000
"customdeque.ArrayDequePerformanceTest.size","avgt",1,3,84.454293,420.567148,"ns/op",30000
"customdeque.ArrayDequePerformanceTest.size","avgt",1,3,75.144841,116.959906,"ns/op",40000
"customdeque.ArrayDequePerformanceTest.size","avgt",1,3,99.301525,238.462077,"ns/op",50000
"customdeque.ArrayDequePerformanceTest.size","avgt",1,3,86.867375,278.768928,"ns/op",60000
"customdeque.ArrayDequePerformanceTest.size","avgt",1,3,97.856489,308.327916,"ns/op",70000
"customdeque.ArrayDequePerformanceTest.size","avgt",1,3,104.298851,312.314116,"ns/op",80000
"customdeque.ArrayDequePerformanceTest.size","avgt",1,3,96.822827,199.091019,"ns/op",90000
"customdeque.ArrayDequePerformanceTest.size","avgt",1,3,98.740850,201.729207,"ns/op",100000
"customdeque.ArrayDequePerformanceTest.toArray","avgt",1,3,2805.957884,915.624996,"ns/op",10000
"customdeque.ArrayDequePerformanceTest.toArray","avgt",1,3,5168.335423,4815.232703,"ns/op",20000
"customdeque.ArrayDequePerformanceTest.toArray","avgt",1,3,8303.325549,3204.878510,"ns/op",30000
"customdeque.ArrayDequePerformanceTest.toArray","avgt",1,3,8737.657311,4058.148581,"ns/op",40000
"customdeque.ArrayDequePerformanceTest.toArray","avgt",1,3,11810.796222,5362.958304,"ns/op",50000
"customdeque.ArrayDequePerformanceTest.toArray","avgt",1,3,14705.625649,10272.698869,"ns/op",60000
"customdeque.ArrayDequePerformanceTest.toArray","avgt",1,3,16295.398443,9883.897012,"ns/op",70000
"customdeque.ArrayDequePerformanceTest.toArray","avgt",1,3,19887.749507,19395.700225,"ns/op",80000
"customdeque.ArrayDequePerformanceTest.toArray","avgt",1,3,21573.448329,54620.254905,"ns/op",90000
"customdeque.ArrayDequePerformanceTest.toArray","avgt",1,3,23578.218759,18048.383937,"ns/op",100000
"customdeque.ArrayDequePerformanceTest.toArrayTyped","avgt",1,3,10747.056586,730.099475,"ns/op",10000
"customdeque.ArrayDequePerformanceTest.toArrayTyped","avgt",1,3,20963.229594,1516.800207,"ns/op",20000
"customdeque.ArrayDequePerformanceTest.toArrayTyped","avgt",1,3,32126.049164,24747.280378,"ns/op",30000
"customdeque.ArrayDequePerformanceTest.toArrayTyped","avgt",1,3,41045.816406,3265.298322,"ns/op",40000
"customdeque.ArrayDequePerformanceTest.toArrayTyped","avgt",1,3,51256.192782,11915.386374,"ns/op",50000
"customdeque.ArrayDequePerformanceTest.toArrayTyped","avgt",1,3,64350.439480,78568.221815,"ns/op",60000
"customdeque.ArrayDequePerformanceTest.toArrayTyped","avgt",1,3,75226.966689,54129.126234,"ns/op",70000
"customdeque.ArrayDequePerformanceTest.toArrayTyped","avgt",1,3,86575.611481,76293.805674,"ns/op",80000
"customdeque.ArrayDequePerformanceTest.toArrayTyped","avgt",1,3,97134.413183,30593.661631,"ns/op",90000
"customdeque.ArrayDequePerformanceTest.toArrayTyped","avgt",1,3,213819.547061,918426.463934,"ns/op",100000
"customdeque.ArrayDequePerformanceTest.toStringBenchmark","avgt",1,3,262818.319108,204886.514993,"ns/op",10000
"customdeque.ArrayDequePerformanceTest.toStringBenchmark","avgt",1,3,480966.555066,55572.372274,"ns/op",20000
"customdeque.ArrayDequePerformanceTest.toStringBenchmark","avgt",1,3,743830.507718,13738.626869,"ns/op",30000
"customdeque.ArrayDequePerformanceTest.toStringBenchmark","avgt",1,3,962276.907307,20626.086088,"ns/op",40000
"customdeque.ArrayDequePerformanceTest.toStringBenchmark","avgt",1,3,1262858.342312,862829.022103,"ns/op",50000
"customdeque.ArrayDequePerformanceTest.toStringBenchmark","avgt",1,3,1427823.244779,108785.980126,"ns/op",60000
"customdeque.ArrayDequePerformanceTest.toStringBenchmark","avgt",1,3,1648653.398354,57815.403612,"ns/op",70000
"customdeque.ArrayDequePerformanceTest.toStringBenchmark","avgt",1,3,2087755.019714,5251260.657109,"ns/op",80000
"customdeque.ArrayDequePerformanceTest.toStringBenchmark","avgt",1,3,2109956.409371,52588.841399,"ns/op",90000
"customdeque.ArrayDequePerformanceTest.toStringBenchmark","avgt",1,3,2330146.002256,701115.833127,"ns/op",100000
"customdeque.CustomArrayDequePerformanceTest.add","avgt",1,3,58852.294196,2119.666130,"ns/op",10000
"customdeque.CustomArrayDequePerformanceTest.add","avgt",1,3,126757.795876,24337.551672,"ns/op",20000
"customdeque.CustomArrayDequePerformanceTest.add","avgt",1,3,170133.518139,12107.550975,"ns/op",30000
"customdeque.CustomArrayDequePerformanceTest.add","avgt",1,3,258438.561290,127208.923735,"ns/op",40000
"customdeque.CustomArrayDequePerformanceTest.add","avgt",1,3,306656.869823,136927.568876,"ns/op",50000
"customdeque.CustomArrayDequePerformanceTest.add","avgt",1,3,357450.112544,421087.004607,"ns/op",60000
"customdeque.CustomArrayDequePerformanceTest.add","avgt",1,3,510927.809880,70346.730115,"ns/op",70000
"customdeque.CustomArrayDequePerformanceTest.add","avgt",1,3,562553.151049,76311.572281,"ns/op",80000
"customdeque.CustomArrayDequePerformanceTest.add","avgt",1,3,628094.340722,23803.894057,"ns/op",90000
"customdeque.CustomArrayDequePerformanceTest.add","avgt",1,3,649351.654827,7919.446248,"ns/op",100000
"customdeque.CustomArrayDequePerformanceTest.addAll","avgt",1,3,24879.278872,1397.455886,"ns/op",10000
"customdeque.CustomArrayDequePerformanceTest.addAll","avgt",1,3,49967.247716,1851.308458,"ns/op",20000
"customdeque.CustomArrayDequePerformanceTest.addAll","avgt",1,3,74692.310698,5109.215608,"ns/op",30000
"customdeque.CustomArrayDequePerformanceTest.addAll","avgt",1,3,101187.960597,15317.536355,"ns/op",40000
"customdeque.CustomArrayDequePerformanceTest.addAll","avgt",1,3,132809.325004,171724.275074,"ns/op",50000
"customdeque.CustomArrayDequePerformanceTest.addAll","avgt",1,3,181568.292234,400814.170612,"ns/op",60000
"customdeque.CustomArrayDequePerformanceTest.addAll","avgt",1,3,220245.118646,178360.377941,"ns/op",70000
"customdeque.CustomArrayDequePerformanceTest.addAll","avgt",1,3,263864.941638,17306.743908,"ns/op",80000
"customdeque.CustomArrayDequePerformanceTest.addAll","avgt",1,3,297129.726028,6934.662490,"ns/op",90000
"customdeque.CustomArrayDequePerformanceTest.addAll","avgt",1,3,331066.409358,40274.766503,"ns/op",100000
"customdeque.CustomArrayDequePerformanceTest.addFirst","avgt",1,3,44257.617863,18360.921322,"ns/op",10000
"customdeque.CustomArrayDequePerformanceTest.addFirst","avgt",1,3,86285.192353,8347.635229,"ns/op",20000
"customdeque.CustomArrayDequePerformanceTest.addFirst","avgt",1,3,133029.314976,40192.112868,"ns/op",30000
"customdeque.CustomArrayDequePerformanceTest.addFirst","avgt",1,3,173465.957487,14482.467423,"ns/op",40000
"customdeque.CustomArrayDequePerformanceTest.addFirst","avgt",1,3,223796.155915,150627.886010,"ns/op",50000
"customdeque.CustomArrayDequePerformanceTest.addFirst","avgt",1,3,273527.043826,28028.999929,"ns/op",60000
"customdeque.CustomArrayDequePerformanceTest.addFirst","avgt",1,3,321893.550090,57578.040745,"ns/op",70000
"customdeque.CustomArrayDequePerformanceTest.addFirst","avgt",1,3,374476.131186,89872.951302,"ns/op",80000
"customdeque.CustomArrayDequePerformanceTest.addFirst","avgt",1,3,424176.027614,49832.686978,"ns/op",90000
"customdeque.CustomArrayDequePerformanceTest.addFirst","avgt",1,3,487639.438608,15530.998526,"ns/op",100000
"customdeque.CustomArrayDequePerformanceTest.addLast","avgt",1,3,61895.822615,21510.712415,"ns/op",10000
"customdeque.CustomArrayDequePerformanceTest.addLast","avgt",1,3,123809.032878,12117.228716,"ns/op",20000
"customdeque.CustomArrayDequePerformanceTest.addLast","avgt",1,3,215262.118891,154909.530425,"ns/op",30000
"customdeque.CustomArrayDequePerformanceTest.addLast","avgt",1,3,252997.577235,98315.685928,"ns/op",40000
"customdeque.CustomArrayDequePerformanceTest.addLast","avgt",1,3,317632.448649,31467.642417,"ns/op",50000
"customdeque.CustomArrayDequePerformanceTest.addLast","avgt",1,3,354111.254727,261712.560837,"ns/op",60000
"customdeque.CustomArrayDequePerformanceTest.addLast","avgt",1,3,499810.720007,29089.960019,"ns/op",70000
"customdeque.CustomArrayDequePerformanceTest.addLast","avgt",1,3,553520.109246,156966.342944,"ns/op",80000
"customdeque.CustomArrayDequePerformanceTest.addLast","avgt",1,3,622026.045091,831183.436548,"ns/op",90000
"customdeque.CustomArrayDequePerformanceTest.addLast","avgt",1,3,635373.475275,110397.396380,"ns/op",100000
"customdeque.CustomArrayDequePerformanceTest.clear","avgt",1,3,36.986639,4.812064,"ns/op",10000
"customdeque.CustomArrayDequePerformanceTest.clear","avgt",1,3,45.409477,23.923806,"ns/op",20000
"customdeque.CustomArrayDequePerformanceTest.clear","avgt",1,3,49.473169,75.376561,"ns/op",30000
"customdeque.CustomArrayDequePerformanceTest.clear","avgt",1,3,47.794076,49.786866,"ns/op",40000
"customdeque.CustomArrayDequePerformanceTest.clear","avgt",1,3,48.977156,49.512818,"ns/op",50000
"customdeque.CustomArrayDequePerformanceTest.clear","avgt",1,3,54.366675,132.069786,"ns/op",60000
"customdeque.CustomArrayDequePerformanceTest.clear","avgt",1,3,64.341771,236.752919,"ns/op",70000
"customdeque.CustomArrayDequePerformanceTest.clear","avgt",1,3,66.589752,327.362110,"ns/op",80000
"customdeque.CustomArrayDequePerformanceTest.clear","avgt",1,3,71.709314,472.655290,"ns/op",90000
"customdeque.CustomArrayDequePerformanceTest.clear","avgt",1,3,77.971826,194.956195,"ns/op",100000
"customdeque.CustomArrayDequePerformanceTest.constructorCapacity","avgt",1,3,973.965439,76.048540,"ns/op",10000
"customdeque.CustomArrayDequePerformanceTest.constructorCapacity","avgt",1,3,1785.195973,10278.974615,"ns/op",20000
"customdeque.CustomArrayDequePerformanceTest.constructorCapacity","avgt",1,3,1885.922012,2021.244611,"ns/op",30000
"customdeque.CustomArrayDequePerformanceTest.constructorCapacity","avgt",1,3,3113.052650,3218.402365,"ns/op",40000
"customdeque.CustomArrayDequePerformanceTest.constructorCapacity","avgt",1,3,3031.548514,445.478987,"ns/op",50000
"customdeque.CustomArrayDequePerformanceTest.constructorCapacity","avgt",1,3,3427.885254,7781.033851,"ns/op",60000
"customdeque.CustomArrayDequePerformanceTest.constructorCapacity","avgt",1,3,7724.560977,42524.747071,"ns/op",70000
"customdeque.CustomArrayDequePerformanceTest.constructorCapacity","avgt",1,3,7797.741360,44272.636866,"ns/op",80000
"customdeque.CustomArrayDequePerformanceTest.constructorCapacity","avgt",1,3,6288.001062,1012.536850,"ns/op",90000
"customdeque.CustomArrayDequePerformanceTest.constructorCapacity","avgt",1,3,7367.076674,16514.765006,"ns/op",100000
"customdeque.CustomArrayDequePerformanceTest.constructorCollection","avgt",1,3,29214.295990,787.932660,"ns/op",10000
"customdeque.CustomArrayDequePerformanceTest.constructorCollection","avgt",1,3,59508.918088,4332.660826,"ns/op",20000
"customdeque.CustomArrayDequePerformanceTest.constructorCollection","avgt",1,3,88212.347808,42118.105442,"ns/op",30000
"customdeque.CustomArrayDequePerformanceTest.constructorCollection","avgt",1,3,127977.751804,28835.181063,"ns/op",40000
"customdeque.CustomArrayDequePerformanceTest.constructorCollection","avgt",1,3,151355.456266,79770.337445,"ns/op",50000
"customdeque.CustomArrayDequePerformanceTest.constructorCollection","avgt",1,3,181194.448817,121514.314477,"ns/op",60000
"customdeque.CustomArrayDequePerformanceTest.constructorCollection","avgt",1,3,231845.074553,9227.727537,"ns/op",70000
"customdeque.CustomArrayDequePerformanceTest.constructorCollection","avgt",1,3,262886.966176,17036.266080,"ns/op",80000
"customdeque.CustomArrayDequePerformanceTest.constructorCollection","avgt",1,3,288244.732469,24502.712075,"ns/op",90000
"customdeque.CustomArrayDequePerformanceTest.constructorCollection","avgt",1,3,337997.912773,706912.365078,"ns/op",100000
"customdeque.CustomArrayDequePerformanceTest.constructorDefault","avgt",1,3,49.443769,86.128171,"ns/op",10000
"customdeque.CustomArrayDequePerformanceTest.constructorDefault","avgt",1,3,52.406594,79.818186,"ns/op",20000
"customdeque.CustomArrayDequePerformanceTest.constructorDefault","avgt",1,3,52.779397,27.853812,"ns/op",30000
"customdeque.CustomArrayDequePerformanceTest.constructorDefault","avgt",1,3,56.077901,33.336676,"ns/op",40000
"customdeque.CustomArrayDequePerformanceTest.constructorDefault","avgt",1,3,60.126797,176.167291,"ns/op",50000
"customdeque.CustomArrayDequePerformanceTest.constructorDefault","avgt",1,3,72.404107,353.907909,"ns/op",60000
"customdeque.CustomArrayDequePerformanceTest.constructorDefault","avgt",1,3,72.618632,299.370207,"ns/op",70000
"customdeque.CustomArrayDequePerformanceTest.constructorDefault","avgt",1,3,76.088315,191.934632,"ns/op",80000
"customdeque.CustomArrayDequePerformanceTest.constructorDefault","avgt",1,3,86.107700,29.516889,"ns/op",90000
"customdeque.CustomArrayDequePerformanceTest.constructorDefault","avgt",1,3,78.496252,368.257081,"ns/op",100000
"customdeque.CustomArrayDequePerformanceTest.contains","avgt",1,3,5107.798627,227.602653,"ns/op",10000
"customdeque.CustomArrayDequePerformanceTest.contains","avgt",1,3,8483.450598,9610.863500,"ns/op",20000
"customdeque.CustomArrayDequePerformanceTest.contains","avgt",1,3,12080.422001,1193.775278,"ns/op",30000
"customdeque.CustomArrayDequePerformanceTest.contains","avgt",1,3,15291.050374,869.912643,"ns/op",40000
"customdeque.CustomArrayDequePerformanceTest.contains","avgt",1,3,18647.777495,778.471626,"ns/op",50000
"customdeque.CustomArrayDequePerformanceTest.contains","avgt",1,3,22567.096387,2310.750734,"ns/op",60000
"customdeque.CustomArrayDequePerformanceTest.contains","avgt",1,3,26361.506102,365.968976,"ns/op",70000
"customdeque.CustomArrayDequePerformanceTest.contains","avgt",1,3,30077.396723,2122.203682,"ns/op",80000
"customdeque.CustomArrayDequePerformanceTest.contains","avgt",1,3,35137.616434,24243.887227,"ns/op",90000
"customdeque.CustomArrayDequePerformanceTest.contains","avgt",1,3,37295.024153,750.521724,"ns/op",100000
"customdeque.CustomArrayDequePerformanceTest.containsAll","avgt",1,3,179739.501164,186009.766983,"ns/op",10000
"customdeque.CustomArrayDequePerformanceTest.containsAll","avgt",1,3,362181.872454,182551.026249,"ns/op",20000
"customdeque.CustomArrayDequePerformanceTest.containsAll","avgt",1,3,592716.386345,277684.787959,"ns/op",30000
"customdeque.CustomArrayDequePerformanceTest.containsAll","avgt",1,3,672395.039625,51752.889359,"ns/op",40000
"customdeque.CustomArrayDequePerformanceTest.containsAll","avgt",1,3,842997.735114,19961.820354,"ns/op",50000
"customdeque.CustomArrayDequePerformanceTest.containsAll","avgt",1,3,1059503.465649,192660.686528,"ns/op",60000
"customdeque.CustomArrayDequePerformanceTest.containsAll","avgt",1,3,1231825.476376,119833.939965,"ns/op",70000
"customdeque.CustomArrayDequePerformanceTest.containsAll","avgt",1,3,1455938.434005,60587.207132,"ns/op",80000
"customdeque.CustomArrayDequePerformanceTest.containsAll","avgt",1,3,1632533.306295,768909.338639,"ns/op",90000
"customdeque.CustomArrayDequePerformanceTest.containsAll","avgt",1,3,1888629.164731,429600.251109,"ns/op",100000
"customdeque.CustomArrayDequePerformanceTest.descendingIteratorConsumption","avgt",1,3,9029.630975,720.109955,"ns/op",10000
"customdeque.CustomArrayDequePerformanceTest.descendingIteratorConsumption","avgt",1,3,17426.689035,728.275076,"ns/op",20000
"customdeque.CustomArrayDequePerformanceTest.descendingIteratorConsumption","avgt",1,3,26697.624990,2477.049717,"ns/op",30000
"customdeque.CustomArrayDequePerformanceTest.descendingIteratorConsumption","avgt",1,3,35328.108027,19028.786241,"ns/op",40000
"customdeque.CustomArrayDequePerformanceTest.descendingIteratorConsumption","avgt",1,3,43563.015115,2336.087275,"ns/op",50000
"customdeque.CustomArrayDequePerformanceTest.descendingIteratorConsumption","avgt",1,3,52984.814783,12848.402181,"ns/op",60000
"customdeque.CustomArrayDequePerformanceTest.descendingIteratorConsumption","avgt",1,3,62069.692281,16378.970637,"ns/op",70000
"customdeque.CustomArrayDequePerformanceTest.descendingIteratorConsumption","avgt",1,3,70912.955887,22246.355094,"ns/op",80000
"customdeque.CustomArrayDequePerformanceTest.descendingIteratorConsumption","avgt",1,3,82425.458908,41359.656568,"ns/op",90000
"customdeque.CustomArrayDequePerformanceTest.descendingIteratorConsumption","avgt",1,3,90192.207086,18547.112278,"ns/op",100000
"customdeque.CustomArrayDequePerformanceTest.element","avgt",1,3,57.372210,29.376240,"ns/op",10000
"customdeque.CustomArrayDequePerformanceTest.element","avgt",1,3,54.478057,52.636100,"ns/op",20000
"customdeque.CustomArrayDequePerformanceTest.element","avgt",1,3,50.924413,13.275944,"ns/op",30000
"customdeque.CustomArrayDequePerformanceTest.element","avgt",1,3,56.438162,65.915593,"ns/op",40000
"customdeque.CustomArrayDequePerformanceTest.element","avgt",1,3,56.664078,68.807065,"ns/op",50000
"customdeque.CustomArrayDequePerformanceTest.element","avgt",1,3,54.679611,200.499658,"ns/op",60000
"customdeque.CustomArrayDequePerformanceTest.element","avgt",1,3,82.126290,511.093692,"ns/op",70000
"customdeque.CustomArrayDequePerformanceTest.element","avgt",1,3,79.267255,452.260972,"ns/op",80000
"customdeque.CustomArrayDequePerformanceTest.element","avgt",1,3,74.649699,452.390845,"ns/op",90000
"customdeque.CustomArrayDequePerformanceTest.element","avgt",1,3,83.409061,406.685520,"ns/op",100000
"customdeque.CustomArrayDequePerformanceTest.equalsBenchmark","avgt",1,3,62314.933571,55511.899653,"ns/op",10000
"customdeque.CustomArrayDequePerformanceTest.equalsBenchmark","avgt",1,3,119459.394677,27766.717991,"ns/op",20000
"customdeque.CustomArrayDequePerformanceTest.equalsBenchmark","avgt",1,3,176697.635015,10395.044519,"ns/op",30000
"customdeque.CustomArrayDequePerformanceTest.equalsBenchmark","avgt",1,3,242873.729337,116345.890254,"ns/op",40000
"customdeque.CustomArrayDequePerformanceTest.equalsBenchmark","avgt",1,3,308337.464713,314618.967873,"ns/op",50000
"customdeque.CustomArrayDequePerformanceTest.equalsBenchmark","avgt",1,3,404611.990328,687115.899078,"ns/op",60000
"customdeque.CustomArrayDequePerformanceTest.equalsBenchmark","avgt",1,3,476602.159256,58960.294681,"ns/op",70000
"customdeque.CustomArrayDequePerformanceTest.equalsBenchmark","avgt",1,3,537884.793963,12062.329576,"ns/op",80000
"customdeque.CustomArrayDequePerformanceTest.equalsBenchmark","avgt",1,3,605156.729944,69033.057041,"ns/op",90000
"customdeque.CustomArrayDequePerformanceTest.equalsBenchmark","avgt",1,3,659579.194872,19507.906999,"ns/op",100000
"customdeque.CustomArrayDequePerformanceTest.getFirst","avgt",1,3,44.661532,76.076820,"ns/op",10000
"customdeque.CustomArrayDequePerformanceTest.getFirst","avgt",1,3,50.601352,7.656804,"ns/op",20000
"customdeque.CustomArrayDequePerformanceTest.getFirst","avgt",1,3,46.782125,24.038495,"ns/op",30000
"customdeque.CustomArrayDequePerformanceTest.getFirst","avgt",1,3,51.195595,8.428177,"ns/op",40000
"customdeque.CustomArrayDequePerformanceTest.getFirst","avgt",1,3,48.219456,12.768699,"ns/op",50000
"customdeque.CustomArrayDequePerformanceTest.getFirst","avgt",1,3,51.309427,48.403586,"ns/op",60000
"customdeque.CustomArrayDequePerformanceTest.getFirst","avgt",1,3,72.612702,488.975311,"ns/op",70000
"customdeque.CustomArrayDequePerformanceTest.getFirst","avgt",1,3,84.252461,417.492154,"ns/op",80000
"customdeque.CustomArrayDequePerformanceTest.getFirst","avgt",1,3,102.831000,317.491110,"ns/op",90000
"customdeque.CustomArrayDequePerformanceTest.getFirst","avgt",1,3,93.802358,456.983938,"ns/op",100000
"customdeque.CustomArrayDequePerformanceTest.getLast","avgt",1,3,45.652300,143.477982,"ns/op",10000
"customdeque.CustomArrayDequePerformanceTest.getLast","avgt",1,3,50.798958,15.290947,"ns/op",20000
"customdeque.CustomArrayDequePerformanceTest.getLast","avgt",1,3,53.590826,11.852667,"ns/op",30000
"customdeque.CustomArrayDequePerformanceTest.getLast","avgt",1,3,65.947829,132.161480,"ns/op",40000
"customdeque.CustomArrayDequePerformanceTest.getLast","avgt",1,3,52.057401,140.400853,"ns/op",50000
"customdeque.CustomArrayDequePerformanceTest.getLast","avgt",1,3,57.779360,166.679132,"ns/op",60000
"customdeque.CustomArrayDequePerformanceTest.getLast","avgt",1,3,77.867183,234.482082,"ns/op",70000
"customdeque.CustomArrayDequePerformanceTest.getLast","avgt",1,3,87.011453,747.751590,"ns/op",80000
"customdeque.CustomArrayDequePerformanceTest.getLast","avgt",1,3,86.897018,564.008855,"ns/op",90000
"customdeque.CustomArrayDequePerformanceTest.getLast","avgt",1,3,85.889171,394.395757,"ns/op",100000
"customdeque.CustomArrayDequePerformanceTest.isEmpty","avgt",1,3,54.041147,162.212046,"ns/op",10000
"customdeque.CustomArrayDequePerformanceTest.isEmpty","avgt",1,3,61.687607,22.646902,"ns/op",20000
"customdeque.CustomArrayDequePerformanceTest.isEmpty","avgt",1,3,56.534262,5.463739,"ns/op",30000
"customdeque.CustomArrayDequePerformanceTest.isEmpty","avgt",1,3,70.102530,112.138305,"ns/op",40000
"customdeque.CustomArrayDequePerformanceTest.isEmpty","avgt",1,3,56.064527,71.129951,"ns/op",50000
"customdeque.CustomArrayDequePerformanceTest.isEmpty","avgt",1,3,68.420372,253.964667,"ns/op",60000
"customdeque.CustomArrayDequePerformanceTest.isEmpty","avgt",1,3,78.924308,496.785918,"ns/op",70000
"customdeque.CustomArrayDequePerformanceTest.isEmpty","avgt",1,3,81.270534,416.822830,"ns/op",80000
"customdeque.CustomArrayDequePerformanceTest.isEmpty","avgt",1,3,82.136535,342.390637,"ns/op",90000
"customdeque.CustomArrayDequePerformanceTest.isEmpty","avgt",1,3,95.560806,401.095120,"ns/op",100000
"customdeque.CustomArrayDequePerformanceTest.iteratorConsumption","avgt",1,3,8635.104227,2030.877887,"ns/op",10000
"customdeque.CustomArrayDequePerformanceTest.iteratorConsumption","avgt",1,3,15742.434754,167.286222,"ns/op",20000
"customdeque.CustomArrayDequePerformanceTest.iteratorConsumption","avgt",1,3,23467.378958,7534.092357,"ns/op",30000
"customdeque.CustomArrayDequePerformanceTest.iteratorConsumption","avgt",1,3,30830.301786,630.932965,"ns/op",40000
"customdeque.CustomArrayDequePerformanceTest.iteratorConsumption","avgt",1,3,37569.805707,823.298101,"ns/op",50000
"customdeque.CustomArrayDequePerformanceTest.iteratorConsumption","avgt",1,3,44955.684602,10011.559640,"ns/op",60000
"customdeque.CustomArrayDequePerformanceTest.iteratorConsumption","avgt",1,3,52525.926731,12915.955118,"ns/op",70000
"customdeque.CustomArrayDequePerformanceTest.iteratorConsumption","avgt",1,3,61673.267696,22568.935391,"ns/op",80000
"customdeque.CustomArrayDequePerformanceTest.iteratorConsumption","avgt",1,3,70035.844845,37937.894616,"ns/op",90000
"customdeque.CustomArrayDequePerformanceTest.iteratorConsumption","avgt",1,3,76731.259160,57882.191101,"ns/op",100000
"customdeque.CustomArrayDequePerformanceTest.offer","avgt",1,3,48002.658619,2041.256956,"ns/op",10000
"customdeque.CustomArrayDequePerformanceTest.offer","avgt",1,3,94814.910127,7120.993484,"ns/op",20000
"customdeque.CustomArrayDequePerformanceTest.offer","avgt",1,3,134171.044478,3538.276636,"ns/op",30000
"customdeque.CustomArrayDequePerformanceTest.offer","avgt",1,3,198387.988387,26803.599857,"ns/op",40000
"customdeque.CustomArrayDequePerformanceTest.offer","avgt",1,3,233162.397174,15971.780073,"ns/op",50000
"customdeque.CustomArrayDequePerformanceTest.offer","avgt",1,3,271607.051532,182652.586809,"ns/op",60000
"customdeque.CustomArrayDequePerformanceTest.offer","avgt",1,3,391544.804549,119284.183453,"ns/op",70000
"customdeque.CustomArrayDequePerformanceTest.offer","avgt",1,3,419511.309463,6848.599146,"ns/op",80000
"customdeque.CustomArrayDequePerformanceTest.offer","avgt",1,3,443764.613375,15911.565137,"ns/op",90000
"customdeque.CustomArrayDequePerformanceTest.offer","avgt",1,3,476586.514022,5471.962511,"ns/op",100000
"customdeque.CustomArrayDequePerformanceTest.offerFirst","avgt",1,3,30597.502492,745.790627,"ns/op",10000
"customdeque.CustomArrayDequePerformanceTest.offerFirst","avgt",1,3,57850.261998,3580.750927,"ns/op",20000
"customdeque.CustomArrayDequePerformanceTest.offerFirst","avgt",1,3,99312.257722,146787.535495,"ns/op",30000
"customdeque.CustomArrayDequePerformanceTest.offerFirst","avgt",1,3,116434.902714,12831.794856,"ns/op",40000
"customdeque.CustomArrayDequePerformanceTest.offerFirst","avgt",1,3,150807.517340,103159.549993,"ns/op",50000
"customdeque.CustomArrayDequePerformanceTest.offerFirst","avgt",1,3,180329.765306,4942.305239,"ns/op",60000
"customdeque.CustomArrayDequePerformanceTest.offerFirst","avgt",1,3,207635.343229,119058.153999,"ns/op",70000
"customdeque.CustomArrayDequePerformanceTest.offerFirst","avgt",1,3,241465.287455,47195.571154,"ns/op",80000
"customdeque.CustomArrayDequePerformanceTest.offerFirst","avgt",1,3,286333.224689,17420.530740,"ns/op",90000
"customdeque.CustomArrayDequePerformanceTest.offerFirst","avgt",1,3,292677.625473,8691.081191,"ns/op",100000
"customdeque.CustomArrayDequePerformanceTest.offerLast","avgt",1,3,31944.949364,113.367184,"ns/op",10000
"customdeque.CustomArrayDequePerformanceTest.offerLast","avgt",1,3,62111.574200,3666.480979,"ns/op",20000
"customdeque.CustomArrayDequePerformanceTest.offerLast","avgt",1,3,95758.285669,3028.722922,"ns/op",30000
"customdeque.CustomArrayDequePerformanceTest.offerLast","avgt",1,3,122986.178594,3366.015419,"ns/op",40000
"customdeque.CustomArrayDequePerformanceTest.offerLast","avgt",1,3,164263.300491,101877.764235,"ns/op",50000
"customdeque.CustomArrayDequePerformanceTest.offerLast","avgt",1,3,190873.138411,17645.375676,"ns/op",60000
"customdeque.CustomArrayDequePerformanceTest.offerLast","avgt",1,3,216891.117524,14584.321030,"ns/op",70000
"customdeque.CustomArrayDequePerformanceTest.offerLast","avgt",1,3,249206.270476,32408.891220,"ns/op",80000
"customdeque.CustomArrayDequePerformanceTest.offerLast","avgt",1,3,294215.019248,24846.088098,"ns/op",90000
"customdeque.CustomArrayDequePerformanceTest.offerLast","avgt",1,3,312735.377439,14881.412886,"ns/op",100000
"customdeque.CustomArrayDequePerformanceTest.peek","avgt",1,3,42.089616,132.476989,"ns/op",10000
"customdeque.CustomArrayDequePerformanceTest.peek","avgt",1,3,47.943415,10.067012,"ns/op",20000
"customdeque.CustomArrayDequePerformanceTest.peek","avgt",1,3,50.482874,37.423498,"ns/op",30000
"customdeque.CustomArrayDequePerformanceTest.peek","avgt",1,3,62.850823,12.352430,"ns/op",40000
"customdeque.CustomArrayDequePerformanceTest.peek","avgt",1,3,49.517863,60.332090,"ns/op",50000
"customdeque.CustomArrayDequePerformanceTest.peek","avgt",1,3,52.299199,22.073133,"ns/op",60000
"customdeque.CustomArrayDequePerformanceTest.peek","avgt",1,3,62.197468,355.945931,"ns/op",70000
"customdeque.CustomArrayDequePerformanceTest.peek","avgt",1,3,74.717571,394.061874,"ns/op",80000
"customdeque.CustomArrayDequePerformanceTest.peek","avgt",1,3,73.448850,359.969154,"ns/op",90000
"customdeque.CustomArrayDequePerformanceTest.peek","avgt",1,3,76.438107,405.560213,"ns/op",100000
"customdeque.CustomArrayDequePerformanceTest.peekFirst","avgt",1,3,38.983508,103.373108,"ns/op",10000
"customdeque.CustomArrayDequePerformanceTest.peekFirst","avgt",1,3,44.238301,14.298129,"ns/op",20000
"customdeque.CustomArrayDequePerformanceTest.peekFirst","avgt",1,3,44.712552,33.262447,"ns/op",30000
"customdeque.CustomArrayDequePerformanceTest.peekFirst","avgt",1,3,50.834584,63.248393,"ns/op",40000
"customdeque.CustomArrayDequePerformanceTest.peekFirst","avgt",1,3,47.508539,30.979771,"ns/op",50000
"customdeque.CustomArrayDequePerformanceTest.peekFirst","avgt",1,3,48.217937,86.434730,"ns/op",60000
"customdeque.CustomArrayDequePerformanceTest.peekFirst","avgt",1,3,65.394317,407.858094,"ns/op",70000
"customdeque.CustomArrayDequePerformanceTest.peekFirst","avgt",1,3,67.447707,470.246762,"ns/op",80000
"customdeque.CustomArrayDequePerformanceTest.peekFirst","avgt",1,3,72.013879,517.853939,"ns/op",90000
"customdeque.CustomArrayDequePerformanceTest.peekFirst","avgt",1,3,74.459514,353.055440,"ns/op",100000
"customdeque.CustomArrayDequePerformanceTest.peekLast","avgt",1,3,35.913312,155.238532,"ns/op",10000
"customdeque.CustomArrayDequePerformanceTest.peekLast","avgt",1,3,51.611993,52.154974,"ns/op",20000
"customdeque.CustomArrayDequePerformanceTest.peekLast","avgt",1,3,53.456515,50.672579,"ns/op",30000
"customdeque.CustomArrayDequePerformanceTest.peekLast","avgt",1,3,66.097225,64.974419,"ns/op",40000
"customdeque.CustomArrayDequePerformanceTest.peekLast","avgt",1,3,50.518857,45.092361,"ns/op",50000
"customdeque.CustomArrayDequePerformanceTest.peekLast","avgt",1,3,47.627178,48.543002,"ns/op",60000
"customdeque.CustomArrayDequePerformanceTest.peekLast","avgt",1,3,62.165773,440.299392,"ns/op",70000
"customdeque.CustomArrayDequePerformanceTest.peekLast","avgt",1,3,70.141179,301.792005,"ns/op",80000
"customdeque.CustomArrayDequePerformanceTest.peekLast","avgt",1,3,70.084694,515.849098,"ns/op",90000
"customdeque.CustomArrayDequePerformanceTest.peekLast","avgt",1,3,77.131631,519.421512,"ns/op",100000
"customdeque.CustomArrayDequePerformanceTest.poll","avgt",1,3,19681.926517,9767.354341,"ns/op",10000
"customdeque.CustomArrayDequePerformanceTest.poll","avgt",1,3,40016.362966,3074.443650,"ns/op",20000
"customdeque.CustomArrayDequePerformanceTest.poll","avgt",1,3,58056.328812,11784.276761,"ns/op",30000
"customdeque.CustomArrayDequePerformanceTest.poll","avgt",1,3,84372.238435,7556.282894,"ns/op",40000
"customdeque.CustomArrayDequePerformanceTest.poll","avgt",1,3,108212.515689,22968.348883,"ns/op",50000
"customdeque.CustomArrayDequePerformanceTest.poll","avgt",1,3,124355.828920,73526.301851,"ns/op",60000
"customdeque.CustomArrayDequePerformanceTest.poll","avgt",1,3,175970.473168,273098.541188,"ns/op",70000
"customdeque.CustomArrayDequePerformanceTest.poll","avgt",1,3,194799.451367,325815.974601,"ns/op",80000
"customdeque.CustomArrayDequePerformanceTest.poll","avgt",1,3,223279.687125,361141.189483,"ns/op",90000
"customdeque.CustomArrayDequePerformanceTest.poll","avgt",1,3,259579.296491,127223.295734,"ns/op",100000
"customdeque.CustomArrayDequePerformanceTest.pollFirst","avgt",1,3,19935.535393,8349.200152,"ns/op",10000
"customdeque.CustomArrayDequePerformanceTest.pollFirst","avgt",1,3,41146.111889,2406.409975,"ns/op",20000
"customdeque.CustomArrayDequePerformanceTest.pollFirst","avgt",1,3,58695.111922,1860.776317,"ns/op",30000
"customdeque.CustomArrayDequePerformanceTest.pollFirst","avgt",1,3,84153.873140,2291.424031,"ns/op",40000
"customdeque.CustomArrayDequePerformanceTest.pollFirst","avgt",1,3,103072.152382,3422.696349,"ns/op",50000
"customdeque.CustomArrayDequePerformanceTest.pollFirst","avgt",1,3,124015.063082,75876.202394,"ns/op",60000
"customdeque.CustomArrayDequePerformanceTest.pollFirst","avgt",1,3,167149.373069,268266.888478,"ns/op",70000
"customdeque.CustomArrayDequePerformanceTest.pollFirst","avgt",1,3,199003.883761,301037.541065,"ns/op",80000
"customdeque.CustomArrayDequePerformanceTest.pollFirst","avgt",1,3,234189.544486,334548.289788,"ns/op",90000
"customdeque.CustomArrayDequePerformanceTest.pollFirst","avgt",1,3,253488.098553,151427.040349,"ns/op",100000
"customdeque.CustomArrayDequePerformanceTest.pollLast","avgt",1,3,20264.003180,6446.056097,"ns/op",10000
"customdeque.CustomArrayDequePerformanceTest.pollLast","avgt",1,3,41638.233911,5559.702868,"ns/op",20000
"customdeque.CustomArrayDequePerformanceTest.pollLast","avgt",1,3,59973.827088,11391.692823,"ns/op",30000
"customdeque.CustomArrayDequePerformanceTest.pollLast","avgt",1,3,86346.563254,2898.760964,"ns/op",40000
"customdeque.CustomArrayDequePerformanceTest.pollLast","avgt",1,3,109935.204960,20159.303613,"ns/op",50000
"customdeque.CustomArrayDequePerformanceTest.pollLast","avgt",1,3,129870.997963,74515.577313,"ns/op",60000
"customdeque.CustomArrayDequePerformanceTest.pollLast","avgt",1,3,177444.293483,234170.617184,"ns/op",70000
"customdeque.CustomArrayDequePerformanceTest.pollLast","avgt",1,3,200843.181920,284541.141068,"ns/op",80000
"customdeque.CustomArrayDequePerformanceTest.pollLast","avgt",1,3,235702.436851,265718.805409,"ns/op",90000
"customdeque.CustomArrayDequePerformanceTest.pollLast","avgt",1,3,263162.439794,154976.963921,"ns/op",100000
"customdeque.CustomArrayDequePerformanceTest.pop","avgt",1,3,20034.508074,5644.202976,"ns/op",10000
"customdeque.CustomArrayDequePerformanceTest.pop","avgt",1,3,41038.442183,1848.600376,"ns/op",20000
"customdeque.CustomArrayDequePerformanceTest.pop","avgt",1,3,59960.042998,1514.836024,"ns/op",30000
"customdeque.CustomArrayDequePerformanceTest.pop","avgt",1,3,85761.863369,3873.758577,"ns/op",40000
"customdeque.CustomArrayDequePerformanceTest.pop","avgt",1,3,109790.666726,19672.074392,"ns/op",50000
"customdeque.CustomArrayDequePerformanceTest.pop","avgt",1,3,129809.299827,96657.741972,"ns/op",60000
"customdeque.CustomArrayDequePerformanceTest.pop","avgt",1,3,187372.747064,276546.359314,"ns/op",70000
"customdeque.CustomArrayDequePerformanceTest.pop","avgt",1,3,200196.019980,325550.753236,"ns/op",80000
"customdeque.CustomArrayDequePerformanceTest.pop","avgt",1,3,227044.002354,308731.548479,"ns/op",90000
"customdeque.CustomArrayDequePerformanceTest.pop","avgt",1,3,260922.770787,104678.159135,"ns/op",100000
"customdeque.CustomArrayDequePerformanceTest.push","avgt",1,3,32831.040589,3742.257336,"ns/op",10000
"customdeque.CustomArrayDequePerformanceTest.push","avgt",1,3,63484.926906,2416.433790,"ns/op",20000
"customdeque.CustomArrayDequePerformanceTest.push","avgt",1,3,98037.518309,5952.701787,"ns/op",30000
"customdeque.CustomArrayDequePerformanceTest.push","avgt",1,3,125765.651901,7541.605957,"ns/op",40000
"customdeque.CustomArrayDequePerformanceTest.push","avgt",1,3,168519.220483,133405.260867,"ns/op",50000
"customdeque.CustomArrayDequePerformanceTest.push","avgt",1,3,194981.869972,17824.229691,"ns/op",60000
"customdeque.CustomArrayDequePerformanceTest.push","avgt",1,3,225948.210216,77127.459995,"ns/op",70000
"customdeque.CustomArrayDequePerformanceTest.push","avgt",1,3,256383.637454,2068.118001,"ns/op",80000
"customdeque.CustomArrayDequePerformanceTest.push","avgt",1,3,303802.114061,13273.672509,"ns/op",90000
"customdeque.CustomArrayDequePerformanceTest.push","avgt",1,3,322824.101920,14774.430418,"ns/op",100000
"customdeque.CustomArrayDequePerformanceTest.remove","avgt",1,3,20180.135071,262.577697,"ns/op",10000
"customdeque.CustomArrayDequePerformanceTest.remove","avgt",1,3,41851.051593,7150.609254,"ns/op",20000
"customdeque.CustomArrayDequePerformanceTest.remove","avgt",1,3,61743.883278,12570.771877,"ns/op",30000
"customdeque.CustomArrayDequePerformanceTest.remove","avgt",1,3,89054.001034,11747.957750,"ns/op",40000
"customdeque.CustomArrayDequePerformanceTest.remove","avgt",1,3,106498.989006,611.846686,"ns/op",50000
"customdeque.CustomArrayDequePerformanceTest.remove","avgt",1,3,131020.021521,111556.660950,"ns/op",60000
"customdeque.CustomArrayDequePerformanceTest.remove","avgt",1,3,186447.683682,289638.558676,"ns/op",70000
"customdeque.CustomArrayDequePerformanceTest.remove","avgt",1,3,206401.083422,305812.673399,"ns/op",80000
"customdeque.CustomArrayDequePerformanceTest.remove","avgt",1,3,231437.989019,280619.146524,"ns/op",90000
"customdeque.CustomArrayDequePerformanceTest.remove","avgt",1,3,254534.710565,137351.660232,"ns/op",100000
"customdeque.CustomArrayDequePerformanceTest.removeAll","avgt",1,3,146497.125408,19325.296238,"ns/op",10000
"customdeque.CustomArrayDequePerformanceTest.removeAll","avgt",1,3,315528.138781,38037.238111,"ns/op",20000
"customdeque.CustomArrayDequePerformanceTest.removeAll","avgt",1,3,467137.377053,36784.471037,"ns/op",30000
"customdeque.CustomArrayDequePerformanceTest.removeAll","avgt",1,3,626496.646617,66438.671812,"ns/op",40000
"customdeque.CustomArrayDequePerformanceTest.removeAll","avgt",1,3,778664.614581,213678.502915,"ns/op",50000
"customdeque.CustomArrayDequePerformanceTest.removeAll","avgt",1,3,937362.902338,4727.802492,"ns/op",60000
"customdeque.CustomArrayDequePerformanceTest.removeAll","avgt",1,3,1119648.975622,64096.104732,"ns/op",70000
"customdeque.CustomArrayDequePerformanceTest.removeAll","avgt",1,3,1283261.779556,259248.455099,"ns/op",80000
"customdeque.CustomArrayDequePerformanceTest.removeAll","avgt",1,3,1436441.100671,43709.690092,"ns/op",90000
"customdeque.CustomArrayDequePerformanceTest.removeAll","avgt",1,3,1588190.842192,112103.218672,"ns/op",100000
"customdeque.CustomArrayDequePerformanceTest.removeFirst","avgt",1,3,19239.504588,15384.472484,"ns/op",10000
"customdeque.CustomArrayDequePerformanceTest.removeFirst","avgt",1,3,38892.436043,1114.215193,"ns/op",20000
"customdeque.CustomArrayDequePerformanceTest.removeFirst","avgt",1,3,56698.117030,14148.744964,"ns/op",30000
"customdeque.CustomArrayDequePerformanceTest.removeFirst","avgt",1,3,82722.593814,7610.566486,"ns/op",40000
"customdeque.CustomArrayDequePerformanceTest.removeFirst","avgt",1,3,100274.619377,16841.024925,"ns/op",50000
"customdeque.CustomArrayDequePerformanceTest.removeFirst","avgt",1,3,119361.834067,25452.798670,"ns/op",60000
"customdeque.CustomArrayDequePerformanceTest.removeFirst","avgt",1,3,169022.675294,276361.437947,"ns/op",70000
"customdeque.CustomArrayDequePerformanceTest.removeFirst","avgt",1,3,198624.540113,388064.419016,"ns/op",80000
"customdeque.CustomArrayDequePerformanceTest.removeFirst","avgt",1,3,220211.775894,416717.574313,"ns/op",90000
"customdeque.CustomArrayDequePerformanceTest.removeFirst","avgt",1,3,258238.382427,142272.758470,"ns/op",100000
"customdeque.CustomArrayDequePerformanceTest.removeFirstOccurrence","avgt",1,3,25052.271713,31110.665252,"ns/op",10000
"customdeque.CustomArrayDequePerformanceTest.removeFirstOccurrence","avgt",1,3,54395.054766,14150.279558,"ns/op",20000
"customdeque.CustomArrayDequePerformanceTest.removeFirstOccurrence","avgt",1,3,91030.755729,31293.009827,"ns/op",30000
"customdeque.CustomArrayDequePerformanceTest.removeFirstOccurrence","avgt",1,3,104623.555096,4355.952045,"ns/op",40000
"customdeque.CustomArrayDequePerformanceTest.removeFirstOccurrence","avgt",1,3,132486.091612,38048.245211,"ns/op",50000
"customdeque.CustomArrayDequePerformanceTest.removeFirstOccurrence","avgt",1,3,166404.033007,150380.267538,"ns/op",60000
"customdeque.CustomArrayDequePerformanceTest.removeFirstOccurrence","avgt",1,3,220046.422473,321359.447285,"ns/op",70000
"customdeque.CustomArrayDequePerformanceTest.removeFirstOccurrence","avgt",1,3,283981.614553,622590.761573,"ns/op",80000
"customdeque.CustomArrayDequePerformanceTest.removeFirstOccurrence","avgt",1,3,286873.371164,131551.775946,"ns/op",90000
"customdeque.CustomArrayDequePerformanceTest.removeFirstOccurrence","avgt",1,3,312952.893906,16039.217781,"ns/op",100000
"customdeque.CustomArrayDequePerformanceTest.removeLast","avgt",1,3,21008.133448,2515.146676,"ns/op",10000
"customdeque.CustomArrayDequePerformanceTest.removeLast","avgt",1,3,43124.867167,1895.175124,"ns/op",20000
"customdeque.CustomArrayDequePerformanceTest.removeLast","avgt",1,3,63699.009264,42570.836953,"ns/op",30000
"customdeque.CustomArrayDequePerformanceTest.removeLast","avgt",1,3,87808.142203,5363.358705,"ns/op",40000
"customdeque.CustomArrayDequePerformanceTest.removeLast","avgt",1,3,108423.599125,9577.230973,"ns/op",50000
"customdeque.CustomArrayDequePerformanceTest.removeLast","avgt",1,3,129717.362377,67407.240036,"ns/op",60000
"customdeque.CustomArrayDequePerformanceTest.removeLast","avgt",1,3,176707.836502,244047.629120,"ns/op",70000
"customdeque.CustomArrayDequePerformanceTest.removeLast","avgt",1,3,201324.588535,259359.265192,"ns/op",80000
"customdeque.CustomArrayDequePerformanceTest.removeLast","avgt",1,3,231958.968839,225318.927990,"ns/op",90000
"customdeque.CustomArrayDequePerformanceTest.removeLast","avgt",1,3,254376.083350,185100.423326,"ns/op",100000
"customdeque.CustomArrayDequePerformanceTest.removeLastOccurrence","avgt",1,3,28704.141876,577.553095,"ns/op",10000
"customdeque.CustomArrayDequePerformanceTest.removeLastOccurrence","avgt",1,3,49009.737439,15380.694477,"ns/op",20000
"customdeque.CustomArrayDequePerformanceTest.removeLastOccurrence","avgt",1,3,85772.620871,5196.000174,"ns/op",30000
"customdeque.CustomArrayDequePerformanceTest.removeLastOccurrence","avgt",1,3,102439.452901,9362.568467,"ns/op",40000
"customdeque.CustomArrayDequePerformanceTest.removeLastOccurrence","avgt",1,3,120850.538595,4322.316224,"ns/op",50000
"customdeque.CustomArrayDequePerformanceTest.removeLastOccurrence","avgt",1,3,143799.086382,69892.436259,"ns/op",60000
"customdeque.CustomArrayDequePerformanceTest.removeLastOccurrence","avgt",1,3,194739.528448,254420.668178,"ns/op",70000
"customdeque.CustomArrayDequePerformanceTest.removeLastOccurrence","avgt",1,3,232017.174115,486198.147010,"ns/op",80000
"customdeque.CustomArrayDequePerformanceTest.removeLastOccurrence","avgt",1,3,253765.653498,314450.782927,"ns/op",90000
"customdeque.CustomArrayDequePerformanceTest.removeLastOccurrence","avgt",1,3,296388.473769,130565.593314,"ns/op",100000
"customdeque.CustomArrayDequePerformanceTest.removeObject","avgt",1,3,29254.505558,1518.845820,"ns/op",10000
"customdeque.CustomArrayDequePerformanceTest.removeObject","avgt",1,3,46514.995121,3472.762467,"ns/op",20000
"customdeque.CustomArrayDequePerformanceTest.removeObject","avgt",1,3,70149.583629,3082.966222,"ns/op",30000
"customdeque.CustomArrayDequePerformanceTest.removeObject","avgt",1,3,98834.886552,8136.799489,"ns/op",40000
"customdeque.CustomArrayDequePerformanceTest.removeObject","avgt",1,3,126353.279848,11652.374784,"ns/op",50000
"customdeque.CustomArrayDequePerformanceTest.removeObject","avgt",1,3,146820.184271,81451.201822,"ns/op",60000
"customdeque.CustomArrayDequePerformanceTest.removeObject","avgt",1,3,194417.658885,249579.155244,"ns/op",70000
"customdeque.CustomArrayDequePerformanceTest.removeObject","avgt",1,3,258913.137014,870452.983001,"ns/op",80000
"customdeque.CustomArrayDequePerformanceTest.removeObject","avgt",1,3,252949.613365,252975.733622,"ns/op",90000
"customdeque.CustomArrayDequePerformanceTest.removeObject","avgt",1,3,295040.577973,79535.994303,"ns/op",100000
"customdeque.CustomArrayDequePerformanceTest.retainAll","avgt",1,3,137851.862166,1646.928544,"ns/op",10000
"customdeque.CustomArrayDequePerformanceTest.retainAll","avgt",1,3,273221.951793,1716.465371,"ns/op",20000
"customdeque.CustomArrayDequePerformanceTest.retainAll","avgt",1,3,423799.982551,200187.097257,"ns/op",30000
"customdeque.CustomArrayDequePerformanceTest.retainAll","avgt",1,3,575833.341051,294759.094371,"ns/op",40000
"customdeque.CustomArrayDequePerformanceTest.retainAll","avgt",1,3,728267.328079,31874.699332,"ns/op",50000
"customdeque.CustomArrayDequePerformanceTest.retainAll","avgt",1,3,901157.459464,22813.973924,"ns/op",60000
"customdeque.CustomArrayDequePerformanceTest.retainAll","avgt",1,3,1086292.171059,50795.720101,"ns/op",70000
"customdeque.CustomArrayDequePerformanceTest.retainAll","avgt",1,3,1222017.283076,26442.763662,"ns/op",80000
"customdeque.CustomArrayDequePerformanceTest.retainAll","avgt",1,3,1358241.327866,3219.452459,"ns/op",90000
"customdeque.CustomArrayDequePerformanceTest.retainAll","avgt",1,3,1589539.799658,349847.483042,"ns/op",100000
"customdeque.CustomArrayDequePerformanceTest.size","avgt",1,3,38.179237,176.796099,"ns/op",10000
"customdeque.CustomArrayDequePerformanceTest.size","avgt",1,3,49.099635,47.173939,"ns/op",20000
"customdeque.CustomArrayDequePerformanceTest.size","avgt",1,3,47.269107,75.367080,"ns/op",30000
"customdeque.CustomArrayDequePerformanceTest.size","avgt",1,3,47.967239,69.675830,"ns/op",40000
"customdeque.CustomArrayDequePerformanceTest.size","avgt",1,3,135.889668,1123.807460,"ns/op",50000
"customdeque.CustomArrayDequePerformanceTest.size","avgt",1,3,60.623937,112.774984,"ns/op",60000
"customdeque.CustomArrayDequePerformanceTest.size","avgt",1,3,68.652792,263.095484,"ns/op",70000
"customdeque.CustomArrayDequePerformanceTest.size","avgt",1,3,91.517341,310.565879,"ns/op",80000
"customdeque.CustomArrayDequePerformanceTest.size","avgt",1,3,68.675410,342.871975,"ns/op",90000
"customdeque.CustomArrayDequePerformanceTest.size","avgt",1,3,104.629748,353.372717,"ns/op",100000
"customdeque.CustomArrayDequePerformanceTest.toArray","avgt",1,3,1398.891302,1285.662471,"ns/op",10000
"customdeque.CustomArrayDequePerformanceTest.toArray","avgt",1,3,2492.083424,1185.846730,"ns/op",20000
"customdeque.CustomArrayDequePerformanceTest.toArray","avgt",1,3,4406.546819,29761.351444,"ns/op",30000
"customdeque.CustomArrayDequePerformanceTest.toArray","avgt",1,3,5014.595830,2867.703967,"ns/op",40000
"customdeque.CustomArrayDequePerformanceTest.toArray","avgt",1,3,6466.266182,11293.330604,"ns/op",50000
"customdeque.CustomArrayDequePerformanceTest.toArray","avgt",1,3,6904.844845,5391.753185,"ns/op",60000
"customdeque.CustomArrayDequePerformanceTest.toArray","avgt",1,3,9512.026638,3874.152172,"ns/op",70000
"customdeque.CustomArrayDequePerformanceTest.toArray","avgt",1,3,10761.302549,16561.151430,"ns/op",80000
"customdeque.CustomArrayDequePerformanceTest.toArray","avgt",1,3,13554.830864,22605.311939,"ns/op",90000
"customdeque.CustomArrayDequePerformanceTest.toArray","avgt",1,3,15681.479490,30642.404015,"ns/op",100000
"customdeque.CustomArrayDequePerformanceTest.toArrayTyped","avgt",1,3,7503.512321,2865.420554,"ns/op",10000
"customdeque.CustomArrayDequePerformanceTest.toArrayTyped","avgt",1,3,14421.757997,2594.513724,"ns/op",20000
"customdeque.CustomArrayDequePerformanceTest.toArrayTyped","avgt",1,3,21354.722953,6232.850622,"ns/op",30000
"customdeque.CustomArrayDequePerformanceTest.toArrayTyped","avgt",1,3,28405.907326,20253.398355,"ns/op",40000
"customdeque.CustomArrayDequePerformanceTest.toArrayTyped","avgt",1,3,35860.661838,16418.375292,"ns/op",50000
"customdeque.CustomArrayDequePerformanceTest.toArrayTyped","avgt",1,3,41998.723999,20667.600875,"ns/op",60000
"customdeque.CustomArrayDequePerformanceTest.toArrayTyped","avgt",1,3,51536.003378,58752.068559,"ns/op",70000
"customdeque.CustomArrayDequePerformanceTest.toArrayTyped","avgt",1,3,63969.848735,93458.249106,"ns/op",80000
"customdeque.CustomArrayDequePerformanceTest.toArrayTyped","avgt",1,3,70634.965037,123807.426155,"ns/op",90000
"customdeque.CustomArrayDequePerformanceTest.toArrayTyped","avgt",1,3,76474.788751,129256.584096,"ns/op",100000
"customdeque.CustomArrayDequePerformanceTest.toStringBenchmark","avgt",1,3,187932.570328,66925.618166,"ns/op",10000
"customdeque.CustomArrayDequePerformanceTest.toStringBenchmark","avgt",1,3,380226.490743,65085.028635,"ns/op",20000
"customdeque.CustomArrayDequePerformanceTest.toStringBenchmark","avgt",1,3,911794.064544,1604705.854999,"ns/op",30000
"customdeque.CustomArrayDequePerformanceTest.toStringBenchmark","avgt",1,3,782814.778300,742759.041288,"ns/op",40000
"customdeque.CustomArrayDequePerformanceTest.toStringBenchmark","avgt",1,3,992798.605591,61181.113301,"ns/op",50000
"customdeque.CustomArrayDequePerformanceTest.toStringBenchmark","avgt",1,3,1235535.092061,380117.559599,"ns/op",60000
"customdeque.CustomArrayDequePerformanceTest.toStringBenchmark","avgt",1,3,1410989.219299,206583.877986,"ns/op",70000
"customdeque.CustomArrayDequePerformanceTest.toStringBenchmark","avgt",1,3,1566108.864333,16924.184291,"ns/op",80000
"customdeque.CustomArrayDequePerformanceTest.toStringBenchmark","avgt",1,3,1603745.569007,162371.770501,"ns/op",90000
"customdeque.CustomArrayDequePerformanceTest.toStringBenchmark","avgt",1,3,2058718.823110,846751.819133,"ns/op",100000
